-- MySQL dump 10.13  Distrib 8.0.34, for Win64 (x86_64)
--
-- Host: localhost    Database: ph_company
-- ------------------------------------------------------
-- Server version	8.0.35

/*!40101 SET @OLD_CHARACTER_SET_CLIENT=@@CHARACTER_SET_CLIENT */;
/*!40101 SET @OLD_CHARACTER_SET_RESULTS=@@CHARACTER_SET_RESULTS */;
/*!40101 SET @OLD_COLLATION_CONNECTION=@@COLLATION_CONNECTION */;
/*!50503 SET NAMES utf8 */;
/*!40103 SET @OLD_TIME_ZONE=@@TIME_ZONE */;
/*!40103 SET TIME_ZONE='+00:00' */;
/*!40014 SET @OLD_UNIQUE_CHECKS=@@UNIQUE_CHECKS, UNIQUE_CHECKS=0 */;
/*!40014 SET @OLD_FOREIGN_KEY_CHECKS=@@FOREIGN_KEY_CHECKS, FOREIGN_KEY_CHECKS=0 */;
/*!40101 SET @OLD_SQL_MODE=@@SQL_MODE, SQL_MODE='NO_AUTO_VALUE_ON_ZERO' */;
/*!40111 SET @OLD_SQL_NOTES=@@SQL_NOTES, SQL_NOTES=0 */;

--
-- Table structure for table `employee`
--

DROP TABLE IF EXISTS `employee`;
/*!40101 SET @saved_cs_client     = @@character_set_client */;
/*!50503 SET character_set_client = utf8mb4 */;
CREATE TABLE `employee` (
  `id` int NOT NULL AUTO_INCREMENT,
  `last_name` varchar(100) DEFAULT NULL,
  `first_name` varchar(100) DEFAULT NULL,
  `office_id` int DEFAULT NULL,
  `address` text,
  PRIMARY KEY (`id`),
  KEY `office_id` (`office_id`),
  CONSTRAINT `employee_ibfk_1` FOREIGN KEY (`office_id`) REFERENCES `office` (`id`) ON DELETE SET NULL
) ENGINE=InnoDB AUTO_INCREMENT=201 DEFAULT CHARSET=utf8mb4 COLLATE=utf8mb4_0900_ai_ci;
/*!40101 SET character_set_client = @saved_cs_client */;

--
-- Dumping data for table `employee`
--

LOCK TABLES `employee` WRITE;
/*!40000 ALTER TABLE `employee` DISABLE KEYS */;
INSERT INTO `employee` VALUES (1,'Schumm','Jonas',4,'63A Marks Wall, Kapai 8546 Kalinga'),(2,'Hill','Presley',40,'13/87 Mann Tunnel, Poblacion, Palayan 5657 Lanao del Sur'),(3,'Anderson','Reilly',38,'85/91 Lockman Rapid, Poblacion, Tacloban 6540 Davao del Norte'),(4,'Hudson','Shakira',42,'11 Walter Parkways, Poblacion, Ligao 9255 Sultan Kudarat'),(5,'Crona','Rory',8,'80A Ferry Burg, Talisay City 7072 Quirino'),(6,'Yundt','Darion',34,'73 Goldner Vista Apt. 978, Poblacion, Isabela 1423 Agusan del Sur'),(7,'Ryan','Monserrate',22,'24A/49 McKenzie Port Suite 712, Santa Margarita 8592 Kalinga'),(8,'Wehner','Eleonore',20,'10/26 Kemmer Flat, Concepcion 1528 Kalinga'),(9,'Sauer','Graham',20,'35 Yost Radial Suite 004, Mabuhay 0049 Masbate'),(10,'Rogahn','Lacey',23,'81A Morar Branch Suite 119, Poblacion, Sagay 9230 Davao del Norte'),(11,'Stracke','Russell',4,'84/54 Towne Isle Apt. 133, Poblacion, Muntinlupa 1372 Maguindanao'),(12,'Bins','Hildegard',50,'05A/07 Dach Extension, Poblacion, Ilagan 3321 Camarines Norte'),(13,'Wehner','Donny',9,'87 Cassin Manors Suite 748, Buluan 5089 South Cotabato'),(14,'Hessel','Madelyn',35,'35/20 O\'Hara Mission, Poblacion, Tagum 8713 Cotabato'),(15,'Wilkinson','Candelario',39,'75A/20 West Drive Suite 467, Jaro 9959 Bataan'),(16,'Pagac','Allene',37,'94/11 Jacobson Manor, Poblacion, Cotabato City 9011 Occidental Mindoro'),(17,'Hermann','Maudie',7,'37/29 Beahan Brook Suite 490, Burgos 5403 Surigao del Sur'),(18,'Howell','Royce',12,'74A Fahey Cove Apt. 832, Roxas 0085 Aklan'),(19,'Bartoletti','Milton',4,'25A/74 Bayer Isle Suite 796, Poblacion, Cotabato City 4269 Basilan'),(20,'Schmidt','Mollie',9,'57A Marquardt Garden, Poblacion, Dagupan 4711 Biliran'),(21,'Schneider','Jasen',48,'28 Zboncak Valley Suite 168, Loreto 5358 Metro Manila'),(22,'Franecki','Demond',49,'84A Volkman Gardens, Poblacion, Taguig 9444 Cavite'),(23,'Leuschke','Isadore',38,'38A Wolff Flats, Siruma 6342 Tawi-Tawi'),(24,'Jakubowski','Nickolas',21,'18/45 Wilkinson Brook, Sogod 9339 Ilocos Norte'),(25,'Mayer','George',44,'77A Greenfelder View, Poblacion, Gingoog 4546 Davao del Norte'),(26,'Wilkinson','Dessie',34,'87A Schamberger Glen Suite 473, Porac 3737 Marinduque'),(27,'Davis','Danyka',29,'21/13 Trantow Heights, Poblacion, Taguig 2762 Catanduanes'),(28,'Considine','Tyreek',14,'39A Krajcik Park, Loreto 6639 Agusan del Norte'),(29,'Frami','Bianka',21,'96A/17 Larson Squares Apt. 632, Lagayan 5079 Nueva Ecija'),(30,'Beier','Furman',1,'62A/80 Deckow Crossing Suite 960, Santo Domingo 6605 Sarangani'),(31,'Schumm','Glen',30,'66 Gutkowski Harbor, Poblacion, Candon 7312 Southern Leyte'),(32,'Jakubowski','Spencer',24,'10A/89 Hayes Ports Apt. 792, Poblacion, Bislig 4615 Cavite'),(33,'Dooley','Arvid',19,'71/87 Sawayn Green, Banaue 8026 Iloilo'),(34,'Ankunding','Simeon',37,'32/61 Okuneva Track, Poblacion, Masbate City 8685 Eastern Samar'),(35,'Schinner','Eduardo',37,'67/65 O\'Conner Springs Suite 886, Poblacion, Dumaguete 7862 Zambales'),(36,'Grant','Claudie',9,'45A/26 Dickinson Unions, Boliney 3794 Quezon'),(37,'Wisoky','Malachi',8,'53/60 Dooley Roads, Poblacion, Navotas 3210 Southern Leyte'),(38,'Marks','Carolyne',42,'64A/59 Skiles Glens Apt. 478, Santo Tomas 4218 Ifugao'),(39,'Leffler','Maude',20,'71A/46 Prosacco Loaf Apt. 142, Poblacion, Marawi 5628 Palawan'),(40,'Welch','Alexandrea',22,'45A Kub Union Apt. 522, Poblacion, Vigan 7610 Sultan Kudarat'),(41,'Zulauf','Esther',40,'83 Graham Trafficway Apt. 666, Tacloban City 0284 Iloilo'),(42,'Bartoletti','Randal',12,'10 Runolfsdottir Mission Apt. 321, General Emilio Aguinaldo 8861 Surigao del Sur'),(43,'Graham','Kasandra',37,'61A/15 Bruen Crescent Suite 585, Poblacion, Digos 0392 La Union'),(44,'Stracke','Minnie',33,'51A/49 Huels Route, Poblacion, San Jose 1219 Ifugao'),(45,'Aufderhar','Janiya',25,'82/18 Murazik Bypass Apt. 180, Poblacion, Talisay 8027 Occidental Mindoro'),(46,'Hartmann','Ransom',18,'26A/17 Gutkowski Haven, Poblacion, Gapan 3670 Camiguin'),(47,'Jakubowski','Elfrieda',8,'41A/26 Leuschke Camp, Mati City 5809 Antique'),(48,'McClure','Luther',14,'45 Hettinger Views, Poblacion, Dagupan 8061 Tawi-Tawi'),(49,'Eichmann','Fannie',35,'18/26 Thiel Groves Apt. 075, Lope de Vega 1806 Nueva Ecija'),(50,'Kertzmann','Earl',5,'66A Hermann Spurs, Alfonso 7473 Pangasinan'),(51,'Wisozk','Kailyn',36,'11A/98 Macejkovic Harbors, General Trias 0568 Misamis Oriental'),(52,'Rippin','Garfield',14,'57/64 Ferry Inlet, Alabel 4225 Tawi-Tawi'),(53,'Stoltenberg','Tremaine',10,'40 Donnelly Circles, Canaman 5858 Oriental Mindoro'),(54,'Senger','Kevon',2,'10/40 Braun Extensions, Calasiao 3314 Samar'),(55,'King','Lucienne',45,'86A Grady Valley, Poblacion, Candon 8235 Guimaras'),(56,'Lubowitz','Brad',37,'76/51 Heller View, Murcia 4718 Zamboanga del Norte'),(57,'Koepp','Hilbert',33,'12 Gottlieb Shoal, Poblacion, La Carlota 8061 Lanao del Norte'),(58,'Erdman','Jorge',22,'24A Feest Pass Apt. 973, Poblacion, Legazpi 2155 Davao Oriental'),(59,'Bayer','Arch',16,'48A/80 Kuhn Divide, Senator Ninoy Aquino 5889 Pampanga'),(60,'Gorczany','Elody',33,'30/51 Cummerata Walks, Alaminos City 6725 Samar'),(61,'Mayert','Terrance',41,'21A Hilpert Plains, Poblacion, Iloilo City 8550 Isabela'),(62,'Kuvalis','Kiana',15,'39A/91 Barrows Wells, Poblacion, Cadiz 6385 Nueva Vizcaya'),(63,'Schuster','Davon',48,'55/58 Lebsack Junctions Apt. 866, Columbio 4524 Batangas'),(64,'Pagac','Kaley',27,'36A/10 Schimmel Wells, Sison 0710 Pangasinan'),(65,'Fadel','Travon',43,'55 Monahan Garden, Poblacion, Roxas 7237 Southern Leyte'),(66,'Kub','Cayla',23,'26 Schneider Prairie, Sampaloc 2810 Catanduanes'),(67,'Bernier','Nelda',34,'54/60 Ruecker Squares Apt. 713, Calamba 0610 Occidental Mindoro'),(68,'Reichert','Mozelle',39,'13/15 Boyer Via, Poblacion, Cabuyao 4707 Quezon'),(69,'Friesen','Floy',24,'34A Beier Alley, Poblacion, San Fernando 7824 Northern Samar'),(70,'Kub','Hailey',3,'83 Reichert Drive, Poblacion, Baybay 5459 Tarlac'),(71,'Bogan','Lisette',47,'32A/85 Feeney Row, Poblacion, Tabuk 5613 Masbate'),(72,'Harvey','Marilyne',23,'47/92 Wolff Knoll Suite 268, Balud 0114 Quezon'),(73,'Weber','Madison',31,'07A Raynor Brook, Poblacion, Panabo 3676 Davao del Norte'),(74,'Berge','Thalia',27,'26/87 Miller Port Apt. 696, Poblacion, Bacolod 2586 Bukidnon'),(75,'Sauer','Charlie',38,'97A/72 Swift Land, Barira 6110 Romblon'),(76,'Cormier','Nettie',7,'78/48 Wiegand Extension, Mulondo 4016 Sarangani'),(77,'Grant','Emmanuelle',10,'23 Huels Walk, Poblacion, Navotas 2059 Agusan del Norte'),(78,'Kuphal','Hobart',44,'43 Kulas Ways, Poblacion, Marawi 0023 Marinduque'),(79,'Tromp','Luna',26,'46 Schmitt Ramp Suite 440, Kabayan 5561 Camiguin'),(80,'Crona','Brant',41,'43A Mills Course Apt. 611, Poblacion, Tagum 0859 Lanao del Sur'),(81,'Boehm','Bell',28,'30 Murray Street, Poblacion, Cebu City 0069 Kalinga'),(82,'Spencer','Lavina',3,'67/20 Rippin Stravenue, Banisilan 9868 Sultan Kudarat'),(83,'Dooley','Ernestine',34,'82A/54 Huels Branch Suite 023, Maddela 0989 Surigao del Norte'),(84,'Hegmann','Tre',30,'28 Kovacek Springs, Tarangnan 2272 Sorsogon'),(85,'Gerlach','Sonia',34,'30A Farrell Roads, Boljoon 5567 Benguet'),(86,'Mann','Blaise',8,'20/30 Steuber Shoals, Poblacion, Naga 9710 Palawan'),(87,'Emard','Muhammad',35,'82A/21 Greenfelder Rapids Suite 070, Poblacion, Maasin 8237 Palawan'),(88,'Kulas','Clement',2,'20 Boyle Canyon, Legazpi City 1971 Tarlac'),(89,'Jast','Christ',39,'41/23 Gibson Key, Dauin 7799 Mountain Province'),(90,'Eichmann','Lorna',2,'27/89 Welch Way, Poblacion, Samal 5659 Romblon'),(91,'Fay','Patrick',45,'25 Tillman Islands Suite 776, Lumban 2165 Sultan Kudarat'),(92,'Gaylord','Malcolm',18,'89A Collier Prairie, Solana 0094 Surigao del Norte'),(93,'Ullrich','Alvah',10,'39A Shields Fields Suite 448, Poblacion, Sipalay 1316 Dinagat Islands'),(94,'Crist','Eileen',18,'66 Olson Key, Poblacion, Marikina 1647 Kalinga'),(95,'Conroy','Cary',19,'42A McLaughlin Point, Silvino Lobos 9454 Mountain Province'),(96,'Hegmann','Ladarius',50,'28A/05 Schamberger Mount Apt. 321, Banaybanay 9340 Marinduque'),(97,'Lindgren','Teresa',27,'33/97 Strosin Prairie Suite 798, Poblacion, Danao 2728 Pangasinan'),(98,'Romaguera','Krystina',30,'56 Rempel Ford Apt. 900, Alcala 1136 Surigao del Norte'),(99,'Hickle','Gaylord',18,'15A Ortiz Rapids Apt. 478, Dumalinao 7145 Occidental Mindoro'),(100,'McGlynn','Tito',46,'34A/07 Huels Key Apt. 043, Lakewood 4911 Laguna'),(101,'Huel','Jimmie',8,'57A Schaefer Junctions, Lagangilang 7244 Isabela'),(102,'Christiansen','Kaelyn',5,'66/81 Goyette Dam, General Nakar 3997 Quirino'),(103,'Pacocha','Jon',1,'50/63 Swaniawski Skyway, Poblacion, Marikina 7925 Cebu'),(104,'Johnson','Chaz',26,'43/53 Parker Mountains, Poblacion, Toledo 7398 Maguindanao'),(105,'Schneider','Joshua',31,'30A Bogan Route Apt. 394, Kayapa 5837 Bataan'),(106,'Abernathy','Lempi',47,'68A Hermiston Valleys Apt. 356, Poblacion, San Pedro 7863 Misamis Occidental'),(107,'Eichmann','Mireille',5,'67A Leuschke Haven Apt. 802, Natonin 9151 Cebu'),(108,'Boyle','Mossie',22,'60A Strosin Drives, Poblacion, La Carlota 8163 Mountain Province'),(109,'D\'Amore','Jean',44,'98 Jaskolski Ranch Apt. 544, Angono 9635 Lanao del Norte'),(110,'Kemmer','Jake',28,'00A Kreiger Spur, Poblacion, Cotabato City 4801 Basilan'),(111,'Konopelski','Sheldon',6,'10 Hansen Plains Suite 337, Getafe 2410 Pampanga'),(112,'Botsford','Janie',31,'36 Nolan Loaf Suite 401, Maconacon 9986 Abra'),(113,'Bernier','Charity',24,'64 Collins Drive Suite 795, Poblacion, Cotabato City 4106 Maguindanao'),(114,'Ferry','Vinnie',10,'20A Gibson Ville Suite 524, Poblacion, Naga 2845 Samar'),(115,'Paucek','Giovani',8,'20 Beer Lane Apt. 564, Poblacion, Makati 5372 Compostela Valley'),(116,'Wilkinson','Ricky',16,'06A/69 Kuhic Ford, Poblacion, Naga 1723 Sarangani'),(117,'Cummings','Henriette',22,'54A/37 Hamill Forge, Naawan 7483 Metro Manila'),(118,'Ferry','Lydia',5,'13 Ledner Rest Apt. 648, Poblacion, Bogo 4016 Mountain Province'),(119,'Shields','Joshua',34,'45A Schultz Island, Alegria 2310 Camarines Sur'),(120,'Gislason','Michale',8,'77 Roberts Way, Quinapondan 8393 Sarangani'),(121,'Lindgren','Desiree',41,'40 Little Mountain Suite 681, Poblacion, Quezon City 4098 Romblon'),(122,'Dickens','Fletcher',18,'26 Waters Islands Suite 404, Buguey 6837 Cebu'),(123,'Connelly','Deon',32,'69/46 Blick Wall, Poblacion, Muñoz 7525 Tawi-Tawi'),(124,'Hilpert','Libby',40,'93A Emmerich Lakes, Poblacion, General Santos 5214 Kalinga'),(125,'Dach','Collin',6,'19/83 Boyer Plains, Amlan 3840 Oriental Mindoro'),(126,'Dach','Clinton',18,'28 Johnson Extension, Roseller Lim 0463 Pangasinan'),(127,'Pouros','Gerald',37,'37 Anderson Station, San Isidro 9551 Siquijor'),(128,'Mertz','Maurine',9,'49A Kilback Groves Suite 001, Compostela 4515 Dinagat Islands'),(129,'Hermann','Finn',9,'17 Langosh Court, Pantao Ragat 7479 Isabela'),(130,'Prosacco','Quentin',2,'90/17 Weissnat Harbors Apt. 084, Duero 1673 Nueva Vizcaya'),(131,'Kuhic','Darrick',38,'96 Barton Greens Apt. 723, Poblacion, Digos 6619 Tawi-Tawi'),(132,'Corkery','Alia',5,'16 Bashirian Tunnel Suite 095, Busuanga 3602 Antique'),(133,'Ziemann','Kaleigh',7,'65A Roob Glens Suite 775, Tadian 8982 Maguindanao'),(134,'Lueilwitz','Darrick',45,'29 Mosciski Manor Apt. 691, Poblacion, Imus 3186 Capiz'),(135,'Zieme','Isaac',15,'42/63 Watsica Flats Suite 547, Pantao Ragat 3719 Nueva Vizcaya'),(136,'Pfeffer','Laura',34,'61A/20 Beier Isle, San Ildefonso 6114 Davao del Norte'),(137,'Erdman','Kayley',32,'11A/82 Wisozk Mountain, Sultan Mastura 7336 Aklan'),(138,'Dibbert','Seth',44,'11/39 Durgan Coves Suite 899, Rosales 6325 Bohol'),(139,'Raynor','Betty',25,'62A Dickinson Haven, Poblacion, Tanjay 8365 Zamboanga del Norte'),(140,'Kessler','Estella',40,'58A Collins Lock Suite 858, Poblacion, San Carlos 5437 Abra'),(141,'Hyatt','Maxie',19,'60A Deckow Brooks Apt. 114, Poblacion, Tayabas 6417 Camarines Sur'),(142,'Haley','Hermann',24,'28A Frami Loop, Bambang 2815 Zamboanga del Norte'),(143,'Ruecker','Zechariah',10,'39A Volkman Port Suite 938, Poblacion, Sipalay 8479 Benguet'),(144,'Walsh','Kelley',18,'26A/76 Dooley Skyway Apt. 237, Padre Garcia 5439 Sulu'),(145,'Stoltenberg','Korbin',35,'59 Beier Burgs, Poblacion, Sipalay 8238 Nueva Ecija'),(146,'Conroy','Brandi',26,'88 Casper Track, Poblacion, Vigan 3771 Camiguin'),(147,'West','Miguel',21,'64A/44 Boyer Trafficway, Poblacion, Himamaylan 2196 Samar'),(148,'Vandervort','Jackeline',35,'88A/20 Stokes Mall Suite 018, San Jose 4899 Laguna'),(149,'Anderson','Tate',14,'80 Stiedemann Wells, Sogod 8462 Nueva Vizcaya'),(150,'Mayert','Isaiah',8,'15A Brekke Spring, Poblacion, Borongan 5883 Dinagat Islands'),(151,'Predovic','Haven',47,'71/20 Ward Villages, Poblacion, Calbayog 8807 Palawan'),(152,'Jacobi','Hipolito',50,'27/97 Metz Views Suite 434, Poblacion, Mandaue 2158 La Union'),(153,'Franecki','Jack',13,'15/29 Dare Roads, Poblacion, Isabela 8225 Pangasinan'),(154,'Halvorson','Lindsey',45,'80A/99 Hansen Crescent, Poblacion, Quezon City 6313 Maguindanao'),(155,'Bradtke','Ahmad',43,'81A/05 Wunsch Motorway Apt. 116, Tubaran 5145 Zambales'),(156,'Harvey','Freddie',28,'87A/38 Heller Flat, Poblacion, Panabo 3751 Surigao del Sur'),(157,'Boyle','Kallie',13,'36 Kiehn Skyway Apt. 390, Poblacion, Cadiz 6457 Bohol'),(158,'Kub','Rebeca',36,'92/59 Zieme Pine, Kabankalan City 5512 Misamis Occidental'),(159,'Deckow','Marisa',7,'63/96 Paucek Village, Poblacion, Malolos 0776 Palawan'),(160,'Cole','Darren',39,'59/71 Hand Spring Suite 898, Consolacion 0631 Zamboanga Sibugay'),(161,'O\'Reilly','Melyssa',4,'13 Tremblay Bypass, Antipolo City 5410 Misamis Occidental'),(162,'Gutmann','Carlie',42,'03A Lehner Path, Poblacion, Silay 7107 Lanao del Norte'),(163,'McClure','Andres',34,'88A/64 Trantow Run Apt. 726, Poblacion, Carcar 2034 Camarines Norte'),(164,'Davis','Valentina',19,'05A/54 Cronin Tunnel Apt. 374, Poblacion, Talisay 1892 Compostela Valley'),(165,'Murphy','Geovanny',18,'13/93 Tillman Cape, Lidlidda 4292 Sorsogon'),(166,'Stamm','Cristobal',49,'41A Anderson Stravenue, Barotac Viejo 7934 Davao del Norte'),(167,'Stracke','Ruth',20,'62 Abshire Islands Apt. 997, Pamplona 9250 Eastern Samar'),(168,'Senger','Evelyn',28,'63/95 Botsford Turnpike Suite 407, Poblacion, El Salvador 6461 Mountain Province'),(169,'Waters','Schuyler',19,'67 Herman Hill, Liloy 0595 Iloilo'),(170,'Prosacco','Mallory',23,'32 Weimann Dam Suite 413, Poblacion, Makati 6734 Bulacan'),(171,'Bartell','Ines',2,'89/54 Mitchell Meadow, San Fernando 6960 Agusan del Sur'),(172,'Doyle','Estella',47,'70/43 Kautzer Coves, Poblacion, Davao City 4643 Capiz'),(173,'Bernier','Lowell',17,'33/92 Kulas Corners, Cuenca 1401 Isabela'),(174,'Sanford','Angelo',14,'70A Padberg Springs, Tubigon 5146 Zamboanga del Sur'),(175,'Runolfsdottir','Sylvia',29,'63A Lebsack Shore Apt. 012, Gloria 5873 Capiz'),(176,'Ziemann','Maiya',11,'77A McDermott Walks, Laua-an 9571 Misamis Occidental'),(177,'Turner','Junius',2,'93/92 Kreiger Plains, Poblacion, Iloilo City 9059 Mountain Province'),(178,'Swift','Assunta',49,'93/87 Prohaska Lock, Poblacion, Valenzuela 6836 Ilocos Sur'),(179,'Collins','Yasmin',6,'33A/75 Dickinson Via Apt. 673, Poblacion, Dagupan 8681 Metro Manila'),(180,'Larson','Frederik',2,'48A Russel Turnpike Apt. 417, Basista 2949 Bataan'),(181,'Harber','Faustino',8,'43/25 Graham Island Apt. 650, Poblacion, Gingoog 9392 Laguna'),(182,'Rosenbaum','Lew',43,'53/79 Schamberger Tunnel, Poblacion, Ilagan 4997 Northern Samar'),(183,'Bradtke','Barney',25,'66A Kuhic Valley, Santa Ana 0811 Antique'),(184,'Feest','Madisen',11,'64 Rosenbaum Lights, Lapuyan 8182 Oriental Mindoro'),(185,'Denesik','Roma',29,'65/14 Tillman Lodge, Poblacion, Calbayog 0718 Bataan'),(186,'Mann','Wilfrid',46,'90/98 Dickinson Villages Suite 731, Narra 5777 Iloilo'),(187,'Langosh','Lavinia',18,'50 Bechtelar Shoal Apt. 922, Poblacion, Pasig 4801 Bulacan'),(188,'Dooley','Rae',12,'55/24 Mann Port, Poblacion, Himamaylan 5100 Pampanga'),(189,'Hamill','Emerson',38,'46/20 Gutkowski Curve Apt. 272, Poblacion, Surigao City 4483 Ilocos Sur'),(190,'Mayert','Michel',35,'62 Reichel Prairie Apt. 234, Poblacion, Oroquieta 4578 Leyte'),(191,'Connelly','Winnifred',19,'71 Ondricka Knolls, Agno 1412 Aurora'),(192,'Macejkovic','Logan',8,'42A Deckow Orchard, Malay 8264 Dinagat Islands'),(193,'Harvey','Raleigh',44,'39A Funk Stream Suite 159, Poblacion, Isabela 8255 Dinagat Islands'),(194,'Goldner','Lera',39,'45/93 Abshire Extensions, Poblacion, Taguig 3644 Davao del Sur'),(195,'Krajcik','Aletha',25,'69/89 Schultz Causeway Apt. 982, Poblacion, Manila 3576 Benguet'),(196,'Swift','Ocie',45,'72A McDermott Pass, Poblacion, Passi 5757 Surigao del Norte'),(197,'Flatley','Alisa',39,'82 Boehm Glens Apt. 950, Alangalang 8493 Metro Manila'),(198,'Orn','Abdul',20,'36/89 Bauch Keys Suite 510, Poblacion, Naga 4799 Cavite'),(199,'Greenholt','Kayli',34,'41 Rau Viaduct, Poblacion, Himamaylan 6291 Negros Oriental'),(200,'Quigley','Alaina',20,'78/57 Schowalter Street, Poblacion, Samal 3723 Marinduque');
/*!40000 ALTER TABLE `employee` ENABLE KEYS */;
UNLOCK TABLES;

--
-- Table structure for table `office`
--

DROP TABLE IF EXISTS `office`;
/*!40101 SET @saved_cs_client     = @@character_set_client */;
/*!50503 SET character_set_client = utf8mb4 */;
CREATE TABLE `office` (
  `id` int NOT NULL AUTO_INCREMENT,
  `name` varchar(255) DEFAULT NULL,
  `contactnum` varchar(20) DEFAULT NULL,
  `email` varchar(255) DEFAULT NULL,
  `address` text,
  `city` varchar(100) DEFAULT NULL,
  `country` varchar(50) DEFAULT NULL,
  `postal` varchar(20) DEFAULT NULL,
  PRIMARY KEY (`id`)
) ENGINE=InnoDB AUTO_INCREMENT=51 DEFAULT CHARSET=utf8mb4 COLLATE=utf8mb4_0900_ai_ci;
/*!40101 SET character_set_client = @saved_cs_client */;

--
-- Dumping data for table `office`
--

LOCK TABLES `office` WRITE;
/*!40000 ALTER TABLE `office` DISABLE KEYS */;
INSERT INTO `office` VALUES (1,'Schmidt-Von','196-853-121','keebler.bonnie@johnston.org','85 Jakubowski Walk Suite 179, Poblacion, Manila 6576 Antique','Marawi','Philippines','0454'),(2,'Bahringer, Weimann and Dibbert','299-145-938','zieme.emil@wintheiser.biz','70A/32 Bogisich Lakes Suite 072, Poblacion, San Fernando 0965 Benguet','Bacolod','Philippines','0723'),(3,'Effertz-Waelchi','133-988-099','ukonopelski@hackett.com','47A/44 Beier Manor, Limay 2212 Tawi-Tawi','Las Piñas','Philippines','2412'),(4,'Lebsack, Bogan and Toy','070-123-190','pkuhlman@okon.org','37 Keebler Oval Suite 325, Liloan 1113 Lanao del Sur','Cabanatuan','Philippines','8434'),(5,'Ullrich Group','136-068-997','ransom22@stokes.com','55/69 Torp Landing, Poblacion, Naga 0256 Iloilo','Naga','Philippines','9661'),(6,'Hayes, Heaney and Mayert','163-413-137','jake.white@koelpin.com','71 Windler Lock, Poblacion, Tanjay 7354 Compostela Valley','Puerto Princesa','Philippines','2671'),(7,'Ritchie-Langosh','369-645-164','kallie44@hegmann.com','90 Deckow Summit Suite 493, Gabaldon 3575 Aklan','Guihulngan','Philippines','9643'),(8,'Bartell-Wunsch','085-589-673','herzog.jaydon@hill.biz','42/81 Sauer Crossing, Barotac Nuevo 0051 Pampanga','Marikina','Philippines','8102'),(9,'Nienow-Bruen','078-888-039','madisyn.durgan@breitenberg.com','48/11 Greenfelder Court Apt. 049, Las Nieves 3894 Lanao del Sur','Cebu City','Philippines','0802'),(10,'Stokes-Cassin','191-303-773','aiden17@hudson.com','85 Strosin Manors, Paracelis 6260 Ifugao','Surigao City','Philippines','3045'),(11,'Douglas, Spencer and Powlowski','182-257-980','price.osvaldo@veum.com','09A/20 Rice Curve Apt. 391, Sapad 4499 Masbate','Guihulngan','Philippines','1277'),(12,'Considine, Strosin and Johnston','604-988-650','dickinson.trenton@kihn.biz','13A/53 Rowe Valleys, Poblacion, San Carlos 7717 Negros Oriental','Masbate City','Philippines','4335'),(13,'McGlynn-Hand','222-188-598','bonnie28@blanda.biz','92/45 Adams Turnpike Suite 168, Banga 9421 Sarangani','Manila','Philippines','9575'),(14,'Jones Ltd','487-892-404','kterry@prosacco.net','16A Wolf Flats, Poblacion, Manila 1386 Albay','Cauayan','Philippines','3795'),(15,'Pollich and Sons','686-417-733','hodkiewicz.stacey@schoen.net','83A/23 Stamm Mission, Poblacion, Danao 5108 Misamis Oriental','Victorias','Philippines','2075'),(16,'Borer, Willms and Hagenes','170-171-310','rogelio76@bergstrom.com','59A/70 Heaney Knolls Apt. 016, Banga 3428 Tarlac','San Fernando','Philippines','4612'),(17,'Raynor, Sporer and Wehner','345-236-645','crist.danyka@cormier.com','19 Bergnaum Canyon, Poblacion, Dipolog 1909 Catanduanes','Balanga','Philippines','5451'),(18,'Stracke-Osinski','409-945-411','gerhold.kenyon@ebert.com','70/69 Sipes Heights, Poblacion, Muntinlupa 5543 Negros Oriental','Pagadian','Philippines','8349'),(19,'Ledner PLC','100-011-609','keeling.emilie@klocko.info','50/14 Reichert Bridge, Lacub 8270 Eastern Samar','Koronadal','Philippines','1236'),(20,'Heidenreich-Beatty','766-922-755','libby.mills@hessel.net','51A/24 Mayert Village Apt. 166, Mabitac 6634 Aklan','Bislig','Philippines','0266'),(21,'Monahan, Hammes and Treutel','587-287-272','ebony93@gottlieb.biz','27A/43 Buckridge Land, Lumba-Bayabao 5666 Metro Manila','Santiago','Philippines','7006'),(22,'Leffler, Hintz and Lebsack','791-303-241','mallory.kshlerin@crona.com','12 Harber Pike, Poblacion, Pasay 4467 Catanduanes','Silay','Philippines','8825'),(23,'Lockman PLC','597-549-398','koch.palma@hegmann.org','61 Hauck Mission Suite 402, Poblacion, Borongan 0557 Surigao del Sur','Dasmariñas','Philippines','0452'),(24,'Konopelski Group','001-407-716','kale.watsica@baumbach.net','72A/35 Ziemann Heights, Poblacion, Laoag 7574 Cebu','Baybay','Philippines','5605'),(25,'Christiansen-Anderson','563-142-248','champlin.carmen@leffler.com','73/81 Sanford Village, Solsona 0289 Agusan del Sur','Quezon City','Philippines','2660'),(26,'McGlynn, Smitham and Block','467-704-270','sabrina.grant@yost.org','58/60 Kuphal Key, Pavia 1801 Sultan Kudarat','Santa Rosa','Philippines','3491'),(27,'Homenick, Christiansen and O\'Hara','306-439-440','myra.ritchie@zulauf.net','91A/84 Beer Knoll Apt. 778, Tupi 7560 Romblon','Urdaneta','Philippines','4340'),(28,'Roob, Ryan and Trantow','647-562-073','cullen88@legros.org','14/76 Kilback Port, San Mariano 7780 Oriental Mindoro','Pasay','Philippines','1470'),(29,'Shanahan Ltd','748-295-444','lavonne.white@welch.com','84A Monahan Stream, Poblacion, General Santos 7772 Sultan Kudarat','Bayawan','Philippines','3175'),(30,'Murray-Rogahn','360-047-060','lang.aidan@tromp.biz','85A/21 Wilderman Lodge, Poblacion, San Fernando 3153 Zamboanga Sibugay','Dapitan','Philippines','4841'),(31,'Thiel Inc','342-425-382','vickie90@hudson.com','54/33 Larson Greens, Ligao City 1204 Batanes','Gapan','Philippines','3449'),(32,'Senger-Botsford','042-089-434','aurore35@ondricka.org','30/95 Terry Plain Suite 187, Poblacion, Koronadal 6889 Catanduanes','Bacoor','Philippines','7864'),(33,'Zboncak PLC','972-378-809','rowena86@bahringer.com','98 Dare Underpass, Poblacion, Muñoz 2085 Maguindanao','Oroquieta','Philippines','7343'),(34,'Wisozk, Zboncak and Herman','553-748-315','smitham.rafael@hoppe.com','12A Bashirian Pines Suite 914, San Vicente 4188 Basilan','Calamba','Philippines','2751'),(35,'Abbott, Eichmann and Swaniawski','466-688-889','eleanora38@zulauf.org','60A/90 Hoeger Village, Batangas City 4719 Quezon','Tagum','Philippines','8521'),(36,'Schaefer, Brown and Leuschke','650-674-364','cydney.hodkiewicz@smith.net','90A Okuneva Loop Apt. 190, Peñablanca 6812 Ilocos Sur','Dapitan','Philippines','0413'),(37,'Wilderman Group','445-423-068','uriah59@kling.biz','57 Hamill Circles, Poblacion, Malolos 7463 Zambales','Gingoog','Philippines','1896'),(38,'Roberts, Bayer and Denesik','442-091-176','adrian25@schuppe.com','87/37 Heaney Cove, Dingras 5889 Marinduque','San Fernando','Philippines','6026'),(39,'McKenzie, Kovacek and Christiansen','968-927-073','kfisher@russel.com','47/84 Wuckert Heights, Poblacion, Baybay 0382 Aklan','Navotas','Philippines','2347'),(40,'McDermott Inc','087-918-734','cathryn40@lesch.com','47/41 Aufderhar Point, Ternate 9197 Marinduque','Dasmariñas','Philippines','5640'),(41,'Hoppe, Hauck and Conroy','101-361-548','adan90@lindgren.com','37/74 Rohan Locks, Cordon 9504 Negros Occidental','San Carlos','Philippines','3053'),(42,'Cole LLC','430-646-315','gconroy@block.com','75 Yost Islands Apt. 616, Alcantara 0327 Tarlac','Batac','Philippines','6535'),(43,'Erdman-Boehm','767-429-629','lpadberg@schaefer.info','22/79 Purdy Dale Apt. 494, San Fernando City 0912 Laguna','Samal','Philippines','0739'),(44,'Gerlach, Torp and Beier','873-945-863','kennith64@jenkins.net','73 Russel Lakes Suite 006, Angat 9416 Camiguin','Roxas','Philippines','5147'),(45,'Bogan, Kunde and Haag','473-270-012','wondricka@langosh.biz','13A/87 Hickle Islands Apt. 599, Poblacion, Guihulngan 3540 Marinduque','Pasay','Philippines','2696'),(46,'Rau, Kuhic and Waelchi','791-253-050','luis93@mraz.com','17A/89 Langworth Route, Sablan 2507 Negros Oriental','Tabuk','Philippines','5794'),(47,'Sporer-Kemmer','618-546-897','wilford.franecki@denesik.biz','11 Kuphal Island, Dolores 2482 Compostela Valley','Tabuk','Philippines','5245'),(48,'Kilback Group','646-435-097','molly45@schowalter.com','06A/92 Witting Plains Apt. 369, Poblacion, Maasin 3784 Agusan del Norte','Iloilo City','Philippines','4455'),(49,'Schiller-Carter','182-326-431','jermaine.olson@beier.com','43/45 Waelchi Heights Suite 162, Poblacion, Imus 5853 Occidental Mindoro','Cebu City','Philippines','5124'),(50,'Rosenbaum-Jacobi','031-664-164','faye81@hintz.com','05A Schuppe Pines Apt. 373, Pangutaran 4738 La Union','Pasig','Philippines','7379');
/*!40000 ALTER TABLE `office` ENABLE KEYS */;
UNLOCK TABLES;

--
-- Table structure for table `transaction`
--

DROP TABLE IF EXISTS `transaction`;
/*!40101 SET @saved_cs_client     = @@character_set_client */;
/*!50503 SET character_set_client = utf8mb4 */;
CREATE TABLE `transaction` (
  `id` int NOT NULL AUTO_INCREMENT,
  `employee_id` int DEFAULT NULL,
  `office_id` int DEFAULT NULL,
  `datelog` datetime DEFAULT NULL,
  `action` varchar(100) DEFAULT NULL,
  `remarks` text,
  `documentcode` varchar(50) DEFAULT NULL,
  PRIMARY KEY (`id`),
  KEY `employee_id` (`employee_id`),
  KEY `office_id` (`office_id`),
  CONSTRAINT `transaction_ibfk_1` FOREIGN KEY (`employee_id`) REFERENCES `employee` (`id`) ON DELETE CASCADE,
  CONSTRAINT `transaction_ibfk_2` FOREIGN KEY (`office_id`) REFERENCES `office` (`id`) ON DELETE SET NULL
) ENGINE=InnoDB AUTO_INCREMENT=501 DEFAULT CHARSET=utf8mb4 COLLATE=utf8mb4_0900_ai_ci;
/*!40101 SET character_set_client = @saved_cs_client */;

--
-- Dumping data for table `transaction`
--

LOCK TABLES `transaction` WRITE;
/*!40000 ALTER TABLE `transaction` DISABLE KEYS */;
INSERT INTO `transaction` VALUES (1,14,39,'2025-02-14 06:05:59','odio','Vel et consequatur tempora cumque rerum facere repellendus nesciunt.','DOC-6558'),(2,105,11,'2025-02-21 22:45:07','commodi','Et dolorem cupiditate cumque explicabo.','DOC-2888'),(3,107,48,'2024-11-17 21:48:08','et','Eos quo repellendus ducimus tenetur tempore eveniet.','DOC-1334'),(4,142,37,'2023-09-22 09:43:47','tempora','Rerum enim et vitae nulla incidunt consequatur inventore laboriosam.','DOC-5734'),(5,186,7,'2024-09-22 01:42:10','incidunt','Et possimus autem et neque.','DOC-9130'),(6,179,36,'2023-07-03 07:56:33','vero','Consectetur autem ab eveniet unde est ea.','DOC-4505'),(7,42,32,'2024-08-14 07:47:54','tenetur','Ut quisquam eos voluptas soluta et eum.','DOC-4405'),(8,188,36,'2023-04-22 02:45:12','omnis','Voluptatem aperiam voluptas officiis.','DOC-9362'),(9,90,43,'2024-03-18 04:15:36','et','Ut et sit reprehenderit itaque.','DOC-0589'),(10,192,21,'2023-05-25 17:24:55','quaerat','Voluptas ratione nihil ullam.','DOC-3369'),(11,3,19,'2023-03-23 09:27:20','id','Neque expedita amet aperiam saepe.','DOC-8630'),(12,86,37,'2024-12-30 04:02:49','mollitia','In porro maxime et numquam quis repudiandae.','DOC-3581'),(13,35,16,'2024-09-13 03:35:10','quibusdam','Hic ea maiores natus ipsa alias nihil.','DOC-7073'),(14,180,37,'2024-09-22 20:12:44','sit','Quasi vitae ut sed fugit sit repudiandae perferendis nihil.','DOC-3486'),(15,5,45,'2024-04-30 10:33:16','mollitia','Laborum sunt labore omnis et.','DOC-5943'),(16,82,23,'2025-01-04 10:53:29','et','Praesentium beatae distinctio non unde dolor id maxime veritatis.','DOC-5075'),(17,20,7,'2024-06-20 23:41:50','architecto','Aut unde minus reiciendis quis nesciunt dolor.','DOC-4646'),(18,122,20,'2024-02-23 08:46:01','consequatur','Qui incidunt sed doloribus est.','DOC-1534'),(19,3,16,'2023-03-10 08:04:06','aut','Doloremque voluptatem quis ducimus quaerat esse aspernatur.','DOC-8877'),(20,143,10,'2023-11-08 20:22:38','totam','Sunt reprehenderit totam excepturi aut.','DOC-6255'),(21,97,28,'2024-06-18 07:41:45','accusamus','Dolore magni non veritatis.','DOC-3099'),(22,75,9,'2023-05-31 09:34:28','odio','Suscipit iste et itaque.','DOC-6372'),(23,164,45,'2023-11-06 19:49:15','incidunt','Quia error necessitatibus esse accusamus voluptas praesentium.','DOC-1888'),(24,10,30,'2025-02-23 16:59:37','deserunt','Est quos aliquid quo.','DOC-8857'),(25,33,2,'2024-01-14 04:36:22','in','Aut placeat ratione maiores necessitatibus minus vero dolores.','DOC-3371'),(26,151,19,'2024-09-13 10:54:22','odit','Debitis rerum ut sit consequuntur id ea.','DOC-9941'),(27,165,13,'2024-08-19 04:11:40','quibusdam','Beatae qui aperiam at magni eos.','DOC-8675'),(28,174,17,'2024-03-31 19:31:39','id','Consequatur repellat hic id sint quibusdam numquam expedita eaque.','DOC-6368'),(29,123,12,'2024-11-17 12:13:28','laborum','Rem ratione et doloribus quis sit animi minus.','DOC-9023'),(30,109,9,'2023-04-21 15:01:07','quas','Sed ut eveniet libero temporibus in est.','DOC-7535'),(31,93,43,'2023-05-26 16:48:50','consequuntur','Natus et vitae corporis et occaecati totam suscipit.','DOC-7531'),(32,191,26,'2023-12-13 05:32:40','dicta','Est nemo ea consequatur non vero modi.','DOC-4387'),(33,154,1,'2024-02-24 04:28:52','minima','Voluptatibus commodi dolorem eum ut.','DOC-6296'),(34,119,46,'2024-07-06 11:12:03','voluptas','Laudantium labore odit voluptatem minus possimus tempore.','DOC-0000'),(35,25,29,'2023-07-10 01:37:21','ducimus','Omnis minus temporibus et necessitatibus odio quia distinctio.','DOC-1113'),(36,193,27,'2024-05-27 20:23:00','fugiat','Et asperiores ut dolorem quasi facilis.','DOC-4593'),(37,148,47,'2024-02-20 22:56:38','non','Et nesciunt nihil beatae perspiciatis.','DOC-3749'),(38,166,25,'2024-01-15 18:41:56','totam','Nesciunt voluptatem impedit qui voluptatem fugiat.','DOC-3922'),(39,119,6,'2025-01-18 03:18:39','sunt','Aut cupiditate nostrum voluptas facilis labore.','DOC-4638'),(40,21,22,'2025-01-23 10:49:45','eum','Est odit neque voluptatibus sunt quo fugit velit.','DOC-7330'),(41,21,11,'2024-06-25 18:06:09','tempora','Dolorem repellendus illo ipsa natus perspiciatis qui.','DOC-2679'),(42,66,11,'2025-01-30 16:46:27','dicta','Nam occaecati accusantium et rerum fuga.','DOC-0156'),(43,45,4,'2023-11-01 18:10:23','exercitationem','At suscipit et eum incidunt enim error.','DOC-6638'),(44,53,10,'2024-07-08 22:50:18','repellat','Vel velit quo eum maxime et earum.','DOC-6289'),(45,104,21,'2024-01-03 12:57:12','saepe','Totam dicta aliquid laborum in excepturi earum eum.','DOC-0241'),(46,105,14,'2024-05-14 10:03:52','quidem','Iste illum qui sapiente dolorum excepturi.','DOC-4728'),(47,14,15,'2024-05-30 15:37:30','et','Iste est rerum dicta ex aliquid.','DOC-4800'),(48,58,35,'2024-06-10 21:34:05','fuga','Sit vitae qui magnam et quo.','DOC-3759'),(49,193,47,'2024-01-26 23:55:50','excepturi','Est doloremque et accusantium ut.','DOC-9359'),(50,78,38,'2024-05-29 16:08:57','non','Ipsam qui nemo eos officia ut minus.','DOC-6784'),(51,44,34,'2023-06-29 10:00:08','cum','Enim officia quia eos.','DOC-2409'),(52,199,23,'2024-05-17 00:57:33','nobis','Quos aut harum qui sequi vitae in qui.','DOC-9869'),(53,118,31,'2024-07-25 16:44:18','ut','Officiis rerum consequatur laborum qui ipsa.','DOC-4529'),(54,87,29,'2024-11-29 07:39:05','hic','Sunt rerum repudiandae sit quaerat et modi in.','DOC-8400'),(55,13,33,'2023-07-22 04:14:45','hic','Qui non non non nam cupiditate.','DOC-7269'),(56,35,9,'2023-04-07 01:08:12','delectus','Unde ut similique consequatur officia laboriosam.','DOC-5946'),(57,140,24,'2024-05-16 02:48:27','iure','Consequatur nulla autem sint ullam quia quisquam.','DOC-3271'),(58,64,50,'2023-10-22 23:36:34','voluptatem','Alias omnis omnis non non eius dolores rerum recusandae.','DOC-1632'),(59,159,36,'2023-03-31 08:53:20','quam','Incidunt nemo voluptas enim deleniti aut.','DOC-1059'),(60,93,2,'2023-03-27 14:50:00','odio','Minus veniam ullam nesciunt quidem consectetur sunt asperiores deleniti.','DOC-9553'),(61,25,19,'2024-03-07 07:57:48','quasi','Eligendi error esse saepe et aut saepe suscipit ut.','DOC-4090'),(62,121,41,'2023-03-29 13:24:55','repudiandae','Enim fugiat molestias vel neque dolorem.','DOC-8009'),(63,9,23,'2023-11-13 08:17:29','amet','Quae assumenda numquam dolorum aut vel culpa expedita.','DOC-9939'),(64,184,5,'2024-03-25 15:53:52','deleniti','Consequatur quia consequuntur quos necessitatibus aut animi.','DOC-3436'),(65,182,13,'2023-08-03 19:11:26','harum','Consequatur culpa voluptate ab laborum.','DOC-8910'),(66,74,35,'2024-12-28 17:05:09','fugit','Et dolorem eius dolores ex culpa dolorum veritatis non.','DOC-0953'),(67,25,29,'2024-08-06 23:34:34','debitis','Incidunt laudantium quo eaque quos minima est.','DOC-6198'),(68,55,7,'2024-09-24 10:32:33','beatae','Officia vel maiores nihil perspiciatis officiis eaque sunt.','DOC-0302'),(69,84,8,'2023-10-05 23:19:02','reiciendis','Eligendi culpa magnam animi excepturi omnis non nobis.','DOC-8801'),(70,186,1,'2024-09-06 14:12:44','a','Blanditiis hic odio ratione adipisci quam.','DOC-8733'),(71,24,25,'2024-01-16 18:05:15','delectus','Sunt asperiores possimus nihil nostrum consequuntur ipsa.','DOC-9446'),(72,135,43,'2024-05-18 01:20:49','unde','Deleniti fugit quo aut occaecati molestias dolorum.','DOC-9415'),(73,41,7,'2024-06-16 11:08:30','et','Atque quisquam sed deserunt ut itaque deserunt perferendis dolor.','DOC-3549'),(74,24,18,'2024-05-21 03:34:21','consequatur','Ipsum dolorum expedita sunt est dolores odit ea.','DOC-8094'),(75,174,26,'2023-09-25 09:25:25','dolor','Aut rerum natus illo aut officia eum.','DOC-5359'),(76,70,45,'2024-12-11 04:40:01','tempora','Quaerat natus delectus tempora est.','DOC-2786'),(77,156,1,'2025-01-07 08:27:18','id','Tempora deleniti dolores aut et soluta rerum.','DOC-3061'),(78,35,17,'2024-01-02 18:41:00','nulla','Iste dolores nisi assumenda ut.','DOC-5213'),(79,9,15,'2023-04-07 06:11:18','a','Deleniti est ipsum maxime rerum esse rerum.','DOC-3118'),(80,136,9,'2024-09-14 06:20:17','ad','Minus aut fuga iure nam molestiae.','DOC-5089'),(81,151,41,'2024-03-25 23:57:48','quis','Fuga eius possimus rerum porro laudantium doloribus voluptatem.','DOC-1792'),(82,73,38,'2023-09-24 04:16:15','et','Minus illo eum et ut est quia neque earum.','DOC-8124'),(83,195,41,'2024-02-15 13:58:42','officia','Necessitatibus iste perspiciatis numquam autem eos expedita sed.','DOC-7094'),(84,16,41,'2024-07-09 00:46:33','illum','Possimus unde molestiae quia nostrum et et neque.','DOC-9218'),(85,180,1,'2023-07-05 03:11:05','consectetur','Nobis sit dolores cum similique voluptatem ipsam.','DOC-4348'),(86,87,42,'2023-03-03 15:06:21','et','Pariatur enim dolorem consequatur repudiandae cupiditate quasi facilis autem.','DOC-5992'),(87,7,48,'2023-08-11 04:27:12','pariatur','Quas id quibusdam voluptatibus error totam laboriosam est.','DOC-6628'),(88,137,26,'2023-03-31 02:51:16','neque','Sunt qui ut harum at molestiae aut autem.','DOC-7300'),(89,125,46,'2024-08-07 21:07:15','aut','Modi ipsam dolorem autem id consequatur similique totam saepe.','DOC-0762'),(90,142,5,'2024-02-10 00:45:44','id','Quia minus aut provident dolorum et ut.','DOC-3216'),(91,80,41,'2023-05-04 04:46:15','reiciendis','Aliquid et ducimus laborum iste deleniti sit fugiat.','DOC-3174'),(92,16,26,'2025-01-23 06:24:49','ipsum','Occaecati consequatur quia amet.','DOC-8949'),(93,191,38,'2023-05-22 02:20:06','eum','Omnis voluptate nesciunt et natus unde cupiditate explicabo.','DOC-4331'),(94,34,39,'2023-10-13 09:24:14','perferendis','Delectus pariatur quis impedit nulla.','DOC-4102'),(95,53,46,'2023-02-27 12:30:08','eum','Ducimus et distinctio ut facilis.','DOC-8033'),(96,40,35,'2024-08-16 05:09:14','voluptas','Facilis dicta et non soluta.','DOC-2009'),(97,20,9,'2024-07-03 18:10:50','quod','Velit impedit nisi delectus harum nulla reiciendis.','DOC-2501'),(98,31,14,'2024-08-20 12:57:01','dolor','Dolore tenetur ducimus vitae et veniam ipsa.','DOC-0158'),(99,137,41,'2024-06-08 03:11:07','similique','Nam sed eaque alias quae.','DOC-5844'),(100,171,35,'2024-10-04 09:32:32','possimus','Ullam illo et qui animi alias impedit.','DOC-6554'),(101,76,11,'2024-09-27 10:15:46','velit','Numquam soluta aut rerum.','DOC-5821'),(102,168,36,'2024-02-14 19:21:05','maiores','Ut soluta itaque adipisci excepturi fugit eius itaque.','DOC-7669'),(103,161,3,'2023-11-04 05:37:27','provident','Eaque repellat est est quos consectetur.','DOC-0195'),(104,14,10,'2024-12-07 18:08:59','dicta','Tenetur rerum quia voluptates voluptas consectetur amet omnis.','DOC-0245'),(105,155,16,'2023-05-17 10:35:44','vel','Nihil atque voluptatem omnis eius itaque ipsa repellat dolorum.','DOC-5658'),(106,100,2,'2024-07-22 04:02:03','incidunt','Itaque et debitis rerum est mollitia.','DOC-4607'),(107,175,43,'2024-12-23 14:47:56','animi','Odio omnis sint et porro assumenda mollitia mollitia.','DOC-9012'),(108,143,41,'2023-09-22 00:57:03','et','Dolores quae necessitatibus et ut omnis dolorem.','DOC-9657'),(109,161,2,'2024-05-09 16:18:27','commodi','Itaque in quia velit recusandae placeat.','DOC-9721'),(110,15,35,'2024-03-31 14:43:40','officiis','Praesentium molestiae ut consequatur voluptas.','DOC-1139'),(111,168,10,'2024-11-22 04:25:33','asperiores','Corporis eveniet aut sunt.','DOC-1850'),(112,132,3,'2024-03-20 01:34:54','hic','Et aut dolores consequatur velit doloribus repellendus autem tempore.','DOC-9575'),(113,199,3,'2024-09-04 13:29:23','debitis','Repudiandae quae porro aut numquam nam voluptas.','DOC-5268'),(114,199,49,'2024-10-13 21:13:04','nostrum','Repudiandae molestiae sunt fuga culpa.','DOC-8368'),(115,46,42,'2024-07-01 23:12:27','voluptatibus','Quisquam inventore est sed architecto.','DOC-9274'),(116,35,47,'2024-03-19 16:26:47','sit','Suscipit eveniet ullam totam sit qui.','DOC-8744'),(117,137,15,'2024-07-10 18:18:44','quis','Amet consequuntur laborum eligendi quaerat ipsa porro dolor.','DOC-5697'),(118,141,12,'2023-08-22 16:08:55','odio','Excepturi qui non totam fugiat debitis quo sit.','DOC-9304'),(119,187,35,'2023-12-02 23:15:56','unde','Fugiat aut quod ut tenetur veniam velit omnis temporibus.','DOC-3484'),(120,11,20,'2024-02-23 11:25:10','enim','Eos et expedita ipsam et enim.','DOC-3972'),(121,52,15,'2024-01-18 12:13:32','reiciendis','Ratione officiis ut et illo voluptatem suscipit quidem quod.','DOC-6286'),(122,160,21,'2024-01-14 21:15:08','ducimus','Quia in voluptate minima autem quam rerum.','DOC-3160'),(123,137,3,'2024-11-20 18:06:18','quam','Corrupti et eaque occaecati sit tenetur autem accusamus.','DOC-9841'),(124,200,35,'2024-05-03 03:11:00','saepe','Hic praesentium ullam omnis enim et.','DOC-2225'),(125,46,48,'2024-11-20 11:04:24','ut','Laborum ratione voluptas sunt rem quos.','DOC-4714'),(126,70,28,'2024-11-01 05:47:27','non','Debitis eius incidunt minima velit distinctio minus eos.','DOC-0918'),(127,59,7,'2023-04-10 08:47:08','dolores','Amet necessitatibus est rerum est quos deleniti.','DOC-1471'),(128,114,32,'2025-02-22 18:07:20','ut','Et dolorum consectetur id aut.','DOC-6134'),(129,106,15,'2024-05-04 12:49:11','optio','Corrupti vel sed praesentium delectus aliquam fugiat blanditiis.','DOC-0539'),(130,155,44,'2024-01-09 20:16:29','suscipit','Quis beatae rerum officia totam consequatur.','DOC-9764'),(131,146,48,'2024-12-28 10:42:49','commodi','Sit reprehenderit maxime numquam incidunt molestiae.','DOC-1857'),(132,65,29,'2024-01-20 12:37:24','quae','Architecto nisi distinctio illo iusto.','DOC-2786'),(133,105,26,'2024-02-11 16:18:00','dolore','Similique sit nesciunt sit aut quo.','DOC-4669'),(134,170,31,'2024-04-04 07:40:29','cupiditate','Sint tempora iste officia dolorem qui.','DOC-6372'),(135,69,34,'2023-06-06 13:13:59','sint','Harum et impedit corporis sed eum ratione quia.','DOC-4110'),(136,86,7,'2023-03-14 06:45:29','dolorem','Velit et sed officiis repellat nihil incidunt qui.','DOC-7734'),(137,101,8,'2024-02-28 07:47:38','architecto','Natus consequuntur sequi laudantium non unde magnam.','DOC-2036'),(138,26,9,'2023-09-26 12:09:30','numquam','Incidunt consequatur consequatur ut voluptas.','DOC-0870'),(139,145,43,'2024-12-29 01:38:06','et','Similique iure et ut id omnis sed dolorum.','DOC-7101'),(140,65,29,'2024-11-18 17:01:04','dolorem','Doloribus vel iusto possimus dolore quo.','DOC-8420'),(141,84,32,'2023-03-13 09:09:05','asperiores','Repudiandae sint numquam omnis et.','DOC-6343'),(142,199,30,'2025-01-15 04:06:29','voluptatibus','Est nesciunt occaecati praesentium omnis distinctio soluta.','DOC-6922'),(143,198,15,'2024-12-08 07:00:59','ea','Omnis maiores saepe deleniti quis nam.','DOC-4589'),(144,110,2,'2023-06-18 04:25:53','rerum','Expedita dolor dolor qui.','DOC-0821'),(145,97,24,'2023-12-19 11:33:16','est','Et distinctio ea qui asperiores cum velit exercitationem.','DOC-8809'),(146,121,1,'2025-01-23 23:24:26','ut','Commodi voluptatem repellendus at perspiciatis aut labore.','DOC-7407'),(147,166,35,'2023-04-19 06:10:50','nostrum','Facilis voluptate odit dolore aliquid explicabo voluptatibus.','DOC-7332'),(148,152,42,'2024-11-10 05:05:18','maiores','Vitae sit nam itaque sed consectetur ratione.','DOC-6148'),(149,43,45,'2023-08-15 15:19:34','rem','Harum soluta quas distinctio ex distinctio sint rerum.','DOC-7060'),(150,108,23,'2024-12-09 07:48:24','blanditiis','Nihil amet dolores inventore vero voluptatem similique fugiat.','DOC-3609'),(151,163,7,'2023-06-08 09:38:57','ratione','Ipsa fugiat vero quaerat molestias ipsum nulla nam.','DOC-5875'),(152,40,40,'2024-11-17 20:42:56','et','Itaque recusandae tempora adipisci in iure.','DOC-4757'),(153,84,12,'2023-11-12 13:00:36','quibusdam','Dignissimos architecto aliquid aut aut ea saepe.','DOC-3616'),(154,51,38,'2024-09-26 07:05:14','rem','Corrupti earum atque laborum quo.','DOC-6063'),(155,10,31,'2024-10-16 23:21:21','suscipit','Alias cupiditate et delectus incidunt possimus.','DOC-5078'),(156,33,17,'2023-12-07 03:41:36','sed','Qui architecto natus eos a magnam praesentium natus.','DOC-6548'),(157,181,4,'2023-08-26 19:47:38','rerum','Aut maxime suscipit quia.','DOC-6388'),(158,73,50,'2024-10-07 02:45:58','officia','Occaecati in omnis quam sit nesciunt quos ipsa qui.','DOC-4766'),(159,46,36,'2025-01-15 21:52:14','recusandae','Et eum ducimus accusantium quam omnis consequatur ut dolores.','DOC-2951'),(160,21,46,'2024-10-06 02:01:24','deserunt','Cumque sunt eum id et.','DOC-8466'),(161,35,33,'2023-08-18 18:01:30','reiciendis','Sed eum perferendis perspiciatis facere incidunt est.','DOC-5980'),(162,158,48,'2024-06-11 04:49:16','minus','Dignissimos eos autem cupiditate tempora.','DOC-0625'),(163,130,7,'2023-03-06 06:17:06','in','Accusantium mollitia aut est dolor.','DOC-7805'),(164,121,49,'2023-11-06 19:58:23','repudiandae','Minus necessitatibus quia molestiae officia aut consequatur.','DOC-1960'),(165,156,7,'2024-03-20 03:25:00','eos','Ducimus quisquam molestiae ut dolores.','DOC-1136'),(166,61,1,'2024-04-10 17:51:51','a','Maiores quo eum consequatur reiciendis repudiandae ea illo.','DOC-3648'),(167,148,10,'2023-05-19 19:52:19','exercitationem','Non et et repudiandae dolore.','DOC-0694'),(168,169,50,'2023-07-19 11:09:25','et','Fugit accusamus est quae commodi.','DOC-1239'),(169,65,47,'2024-03-08 19:18:40','molestias','Qui aut quibusdam et eos aut.','DOC-8669'),(170,193,17,'2024-09-21 11:36:46','molestiae','Ut est nemo ut modi suscipit et.','DOC-4552'),(171,34,1,'2024-02-17 21:36:01','nam','Quasi quo beatae deserunt perferendis voluptate.','DOC-2874'),(172,150,41,'2023-05-23 05:14:43','expedita','At eos est provident.','DOC-4133'),(173,41,35,'2024-04-09 18:29:21','velit','Molestias iure odio porro velit.','DOC-7941'),(174,1,6,'2023-08-05 18:16:16','maiores','Itaque nobis et id modi quod et.','DOC-0325'),(175,104,12,'2023-03-13 04:25:01','vero','Non ipsa fugit ad vitae.','DOC-1438'),(176,177,15,'2023-10-07 11:48:29','error','Nihil optio fugiat error deserunt.','DOC-5832'),(177,112,1,'2023-11-20 03:25:55','deserunt','Totam qui nam iure sapiente quaerat odio.','DOC-5979'),(178,194,20,'2023-04-18 04:35:37','quia','Odio possimus suscipit aut vel laborum nobis unde.','DOC-7748'),(179,56,6,'2024-05-13 06:58:26','sapiente','Porro tempore in quia nesciunt eos illo.','DOC-3711'),(180,6,36,'2024-10-05 02:00:44','et','Velit dolores debitis et dolores.','DOC-5648'),(181,94,48,'2024-10-08 00:42:09','accusamus','Et dicta sit aliquam veritatis sint.','DOC-5626'),(182,168,36,'2023-03-15 15:53:56','voluptatem','Quis incidunt quae sed ea nisi sequi ab quasi.','DOC-6720'),(183,109,5,'2023-11-11 11:54:57','aperiam','Aliquid doloremque veniam dolore molestias velit.','DOC-0536'),(184,152,22,'2023-09-20 14:51:41','nemo','Aut sed exercitationem voluptatem reprehenderit qui sequi et.','DOC-9739'),(185,134,26,'2024-03-30 09:19:42','repudiandae','Id sit id in commodi ut quis accusantium.','DOC-5865'),(186,178,23,'2023-08-29 15:31:46','enim','Voluptates eveniet cumque deleniti aut aut aut.','DOC-6213'),(187,24,12,'2024-11-01 04:04:19','quia','Rerum ut voluptatibus eum laudantium fugit velit.','DOC-7692'),(188,40,31,'2023-09-16 07:07:02','vero','Ut quisquam nesciunt sapiente repellat.','DOC-9847'),(189,122,44,'2023-07-18 10:27:57','dolor','Similique dolores exercitationem laboriosam consequatur.','DOC-0897'),(190,115,17,'2024-01-29 10:51:34','repellat','Impedit qui omnis quia corporis.','DOC-7834'),(191,15,21,'2024-10-23 13:49:21','dolorem','Qui et porro mollitia repudiandae rem cupiditate et.','DOC-9203'),(192,86,17,'2024-05-02 21:54:30','et','Numquam molestiae beatae officia consequatur aperiam.','DOC-5250'),(193,51,24,'2023-08-03 06:42:09','quis','Et nisi aperiam quia ad placeat.','DOC-0556'),(194,150,36,'2023-07-12 22:24:53','dolore','Repellendus voluptas et nesciunt cumque nulla.','DOC-4348'),(195,19,40,'2024-11-11 07:26:25','est','Qui vel cupiditate doloremque facilis animi deleniti possimus.','DOC-5521'),(196,134,50,'2023-03-23 05:54:54','fuga','Magni molestiae omnis rerum est rerum culpa.','DOC-4904'),(197,132,25,'2023-12-22 05:21:25','et','In blanditiis voluptatem aut aut.','DOC-7954'),(198,72,26,'2023-12-08 12:29:57','libero','Aut deserunt facere asperiores consectetur.','DOC-1133'),(199,179,13,'2024-09-10 15:35:40','odit','Non recusandae explicabo molestias esse.','DOC-6431'),(200,43,8,'2023-09-04 21:45:34','molestiae','Dicta architecto dolorem veritatis quibusdam magni et autem.','DOC-6084'),(201,38,27,'2024-05-04 08:10:28','assumenda','Nisi ut quis quo rerum saepe modi recusandae.','DOC-8644'),(202,13,46,'2023-10-30 21:46:09','sit','Vitae autem incidunt qui ratione aut eos.','DOC-5444'),(203,149,38,'2023-03-26 14:24:12','non','Ipsum exercitationem rerum aut a quia.','DOC-3621'),(204,180,19,'2023-06-29 00:29:34','quo','Autem quia aliquid ut necessitatibus.','DOC-2537'),(205,114,21,'2024-06-13 09:46:34','quisquam','Sed officia illum quam odio praesentium voluptate omnis.','DOC-8920'),(206,54,19,'2023-07-25 15:47:54','et','Mollitia dolores ducimus dolorum vel porro iste autem voluptatem.','DOC-8633'),(207,178,35,'2024-11-05 17:42:57','ullam','Id qui consectetur ab labore et quisquam.','DOC-8341'),(208,29,19,'2023-04-30 18:00:33','est','Id nesciunt omnis et consequatur nostrum.','DOC-1835'),(209,12,24,'2024-08-09 12:45:46','similique','In sint et illo voluptatem minima id qui natus.','DOC-4605'),(210,125,43,'2024-01-25 17:32:15','iusto','Facere et voluptatibus inventore eius.','DOC-1928'),(211,137,24,'2024-12-14 04:32:20','officiis','Cum blanditiis nihil voluptatibus consequatur sunt.','DOC-2742'),(212,140,17,'2023-07-25 14:23:56','optio','Possimus repellendus excepturi et vero ex tenetur facilis.','DOC-7830'),(213,163,28,'2024-03-06 04:54:19','voluptas','Nihil quod quis debitis explicabo sit.','DOC-0763'),(214,199,34,'2023-12-01 10:28:03','magnam','Voluptas eligendi ipsam consectetur in eveniet autem rerum.','DOC-9049'),(215,136,27,'2024-04-21 13:01:08','amet','Laudantium est incidunt odit rerum provident.','DOC-1408'),(216,195,46,'2024-02-14 11:47:44','magnam','Eius ea et iure et architecto.','DOC-9207'),(217,52,7,'2023-05-29 15:10:35','id','Sint dolores pariatur consequatur ab excepturi.','DOC-0929'),(218,49,6,'2025-02-09 05:16:07','earum','Eum voluptas dolorum perspiciatis.','DOC-4198'),(219,20,3,'2024-10-24 10:19:00','maxime','Quos nisi ullam alias doloribus facere aperiam eaque.','DOC-8388'),(220,148,8,'2024-09-28 23:12:24','cum','Eum inventore aliquam facere.','DOC-1119'),(221,57,16,'2024-01-09 03:16:01','et','Aspernatur modi dolores hic accusantium similique.','DOC-0634'),(222,16,27,'2024-03-04 03:16:34','tempora','Consequatur rerum fugiat optio.','DOC-0838'),(223,72,42,'2023-03-18 11:27:06','voluptas','Et repellendus quisquam esse autem.','DOC-9315'),(224,113,10,'2024-06-03 11:20:34','quis','Aut quas omnis cumque.','DOC-2290'),(225,193,30,'2025-01-07 05:12:22','laudantium','Consequatur recusandae non a labore.','DOC-8950'),(226,118,8,'2023-06-24 00:17:26','suscipit','Ipsum veniam quo ut adipisci vitae nam.','DOC-4452'),(227,55,31,'2024-11-28 21:12:11','rem','Laboriosam itaque perspiciatis officiis molestiae doloribus ea.','DOC-3251'),(228,141,16,'2023-04-04 04:03:35','ut','Inventore animi natus voluptatem soluta.','DOC-1511'),(229,153,37,'2023-10-29 05:37:21','inventore','Accusantium et ducimus earum ipsa nemo.','DOC-1846'),(230,192,44,'2024-12-19 03:06:10','quo','Vel quo natus neque eos ipsum et quia quas.','DOC-2911'),(231,86,27,'2024-07-28 20:04:26','sunt','Mollitia in et provident velit.','DOC-9389'),(232,95,25,'2024-12-14 11:55:25','ab','Tenetur et sit reiciendis expedita maxime dolorum aut.','DOC-5897'),(233,109,34,'2024-10-23 07:32:59','nihil','Voluptatum aspernatur quasi quia placeat ratione ad totam.','DOC-9510'),(234,111,17,'2023-12-19 17:39:57','est','Non esse nobis assumenda ullam ipsa.','DOC-9973'),(235,161,6,'2023-08-05 21:29:43','corporis','Et voluptas voluptas quia eveniet.','DOC-8324'),(236,150,15,'2024-07-10 02:41:25','distinctio','Ab maiores tempore doloribus earum.','DOC-3804'),(237,113,46,'2024-01-23 09:54:15','velit','Aut itaque placeat dolore voluptatem nam ut voluptatem.','DOC-3320'),(238,113,11,'2023-03-13 02:31:30','illo','Quia eos animi eaque consequatur placeat sit vel.','DOC-7408'),(239,158,27,'2024-07-05 18:28:39','atque','Enim ut similique omnis.','DOC-8772'),(240,135,34,'2023-11-07 15:42:12','et','Quisquam aut molestiae voluptatem sed.','DOC-6745'),(241,112,3,'2023-06-14 05:52:06','dolore','Maxime repellat natus praesentium ut et consequatur.','DOC-3641'),(242,52,4,'2023-08-12 03:21:36','quidem','Libero velit nostrum veniam provident iste sapiente in laudantium.','DOC-9007'),(243,118,20,'2023-09-17 16:36:58','quis','Praesentium earum voluptatum suscipit in temporibus nesciunt.','DOC-7650'),(244,14,7,'2023-04-06 12:21:36','eum','Vitae rem tenetur possimus fugiat delectus.','DOC-8334'),(245,140,14,'2024-02-29 02:48:42','quam','Exercitationem rem exercitationem tempore similique.','DOC-6071'),(246,91,39,'2023-07-23 04:30:04','asperiores','Voluptas iure voluptatem esse similique necessitatibus at esse.','DOC-0147'),(247,191,48,'2024-09-12 09:59:07','impedit','Explicabo vel deserunt quia.','DOC-5943'),(248,42,17,'2024-04-02 07:46:24','doloribus','Voluptas culpa sequi dolor quis magnam itaque.','DOC-7443'),(249,76,19,'2023-10-29 02:25:27','dicta','Amet sit ullam quidem voluptatem.','DOC-4474'),(250,16,26,'2024-07-25 01:06:01','quia','Consequatur beatae ipsam porro reprehenderit.','DOC-6471'),(251,10,40,'2024-08-04 04:23:24','aut','Error qui impedit et nemo.','DOC-9293'),(252,103,32,'2023-08-10 20:57:01','accusantium','Aut laborum est quis odit sit ut.','DOC-9220'),(253,187,8,'2025-02-20 05:53:51','ut','Est asperiores consectetur et ipsum ut.','DOC-1868'),(254,190,16,'2024-09-05 17:56:04','incidunt','Aperiam dolorem nam ut ad sed ducimus.','DOC-3341'),(255,186,11,'2024-05-09 11:05:34','et','Non quis voluptate repudiandae voluptas consequatur.','DOC-0147'),(256,168,26,'2024-01-10 18:09:34','delectus','Eius eos veritatis sed impedit nostrum beatae.','DOC-8289'),(257,124,11,'2024-10-29 06:50:51','ipsam','Ullam possimus possimus quo autem consectetur facere laborum.','DOC-0866'),(258,23,17,'2024-07-25 23:48:02','aut','Est et molestiae illo voluptatibus dolorum voluptas et.','DOC-7186'),(259,161,19,'2024-11-24 14:33:00','porro','Eum fugiat et consequatur quasi.','DOC-1135'),(260,83,39,'2024-10-25 13:14:19','culpa','Dolores unde natus omnis maxime.','DOC-2860'),(261,150,40,'2024-01-15 06:14:42','est','Et quo molestiae accusantium aut.','DOC-4963'),(262,29,10,'2024-06-14 19:34:35','architecto','Voluptatem est dicta explicabo culpa officia deserunt quisquam.','DOC-6056'),(263,103,50,'2024-11-19 19:54:39','voluptas','Vitae velit sint enim perferendis exercitationem error.','DOC-7159'),(264,118,28,'2024-12-09 10:21:27','doloremque','Reiciendis natus deserunt praesentium tempora et nulla aut.','DOC-6402'),(265,1,23,'2024-12-30 14:50:47','sed','Voluptatum mollitia sit quia eligendi sapiente non et iusto.','DOC-3979'),(266,150,12,'2023-06-08 13:03:25','et','Molestiae qui cum ullam earum illum.','DOC-0542'),(267,132,49,'2023-08-14 21:23:09','et','Et dolor maxime temporibus porro veritatis unde laborum.','DOC-1567'),(268,10,23,'2025-02-05 03:27:59','blanditiis','Vero magnam et in molestias blanditiis.','DOC-3490'),(269,27,41,'2024-09-06 17:43:53','est','Quod et neque fuga praesentium.','DOC-5591'),(270,85,41,'2024-08-29 01:56:06','mollitia','Mollitia et veniam error.','DOC-3677'),(271,93,21,'2024-07-08 16:46:15','id','Est sint illum quia aut in magnam perspiciatis.','DOC-7010'),(272,197,16,'2024-05-04 16:37:46','ut','Dolores dolorem labore consequatur fuga rerum.','DOC-6046'),(273,200,23,'2025-01-09 04:44:44','ut','Qui aperiam est quisquam doloremque qui iure.','DOC-4766'),(274,163,45,'2024-05-12 05:14:29','sunt','Commodi excepturi reprehenderit ratione est beatae voluptatem.','DOC-8132'),(275,135,22,'2023-09-01 04:19:47','reiciendis','Perferendis a impedit quidem velit labore.','DOC-1607'),(276,40,6,'2023-06-28 05:45:34','explicabo','Beatae totam itaque sapiente quidem ut ab nam.','DOC-5299'),(277,106,18,'2024-01-08 20:09:05','et','Blanditiis quia recusandae libero non esse voluptatum nesciunt.','DOC-0358'),(278,125,25,'2024-10-01 19:36:07','voluptatibus','Quis vitae iste et.','DOC-9411'),(279,30,28,'2023-07-16 11:14:49','est','Itaque consequatur voluptatibus numquam ut ipsam.','DOC-2752'),(280,21,5,'2024-02-08 18:41:52','sequi','Et laudantium facere sit qui iusto sed maxime.','DOC-9161'),(281,143,3,'2024-04-06 01:13:47','officiis','Et veritatis assumenda magnam reiciendis fugit perferendis omnis.','DOC-5276'),(282,60,23,'2024-12-31 04:59:05','laudantium','Sit porro incidunt quis ut et dolor.','DOC-8876'),(283,143,29,'2023-07-02 23:51:43','perferendis','Eum unde asperiores expedita aliquid.','DOC-2261'),(284,64,35,'2023-11-19 02:10:25','rerum','Saepe eveniet est sed.','DOC-6750'),(285,7,2,'2024-02-09 12:25:17','dolor','Quidem ex omnis quisquam ex autem.','DOC-6837'),(286,41,10,'2025-01-12 09:28:02','eveniet','Aut ipsa illum voluptas ea nemo.','DOC-1513'),(287,27,10,'2024-08-26 22:19:54','mollitia','Est ex aut aspernatur.','DOC-1356'),(288,189,19,'2023-10-14 13:56:42','laborum','Soluta dolorum vitae qui iusto qui molestiae praesentium itaque.','DOC-0327'),(289,14,4,'2024-04-28 07:58:59','magnam','Dolorem dignissimos libero ad sint fugiat voluptatibus et quas.','DOC-4191'),(290,126,15,'2025-01-19 01:56:14','atque','Quis et voluptatem earum qui possimus molestias omnis.','DOC-7254'),(291,93,22,'2025-01-12 04:15:15','amet','Fugiat ut hic voluptas doloremque aut sed.','DOC-0181'),(292,89,17,'2023-08-02 09:14:35','porro','Qui aut beatae dolorum quas.','DOC-4258'),(293,186,50,'2025-01-16 14:05:38','quasi','Dolore vel dolorem eligendi voluptas sunt ut voluptate.','DOC-0670'),(294,177,18,'2023-08-19 11:06:39','consequatur','Doloribus voluptatem hic error facilis nobis ut.','DOC-0793'),(295,147,46,'2024-08-17 04:48:03','beatae','Corrupti ipsa eaque rerum enim sed consectetur nihil.','DOC-7608'),(296,51,25,'2024-08-26 15:31:05','ratione','Impedit aliquam amet velit qui dignissimos tempora.','DOC-0928'),(297,4,11,'2023-11-15 10:56:36','ut','Similique fuga est error earum esse perferendis non est.','DOC-7562'),(298,35,37,'2024-10-19 09:54:33','nisi','Qui ex ipsam dolor non doloremque.','DOC-6524'),(299,7,47,'2024-02-03 05:30:23','iure','Pariatur praesentium est architecto ut amet ducimus perspiciatis.','DOC-3958'),(300,16,44,'2023-04-08 13:30:02','aut','Quia autem fugiat provident vel sint pariatur nisi.','DOC-7989'),(301,165,3,'2024-08-26 14:51:02','ea','In laudantium tempora deleniti neque consequatur.','DOC-5938'),(302,149,17,'2023-08-22 16:35:08','odit','Qui sunt pariatur autem et aut.','DOC-6313'),(303,40,21,'2024-06-20 16:00:44','omnis','Et qui repellat maiores harum.','DOC-0933'),(304,191,10,'2024-06-22 06:24:40','laboriosam','Labore autem officiis facilis necessitatibus repudiandae recusandae et ipsam.','DOC-5105'),(305,67,11,'2023-07-20 13:27:48','assumenda','Dolorum voluptas est alias et maxime.','DOC-8400'),(306,152,33,'2024-11-03 14:51:27','nulla','Fugit et est libero.','DOC-7399'),(307,149,6,'2024-11-03 09:00:26','facilis','Consequatur enim eligendi eaque saepe optio.','DOC-5256'),(308,147,16,'2024-03-26 05:40:29','sint','Assumenda voluptates et rem vitae omnis.','DOC-8137'),(309,36,16,'2023-09-24 14:29:07','similique','Non dolore voluptatum iure cumque assumenda.','DOC-2131'),(310,74,11,'2023-07-18 12:09:33','veniam','Aspernatur cupiditate non repellat voluptatem aut.','DOC-6304'),(311,46,24,'2024-06-22 01:00:17','ea','Qui voluptatibus qui laudantium repellat delectus et.','DOC-4344'),(312,114,5,'2024-04-09 02:20:59','officia','Saepe qui in in aspernatur perspiciatis.','DOC-4061'),(313,116,36,'2024-10-04 11:23:19','voluptas','Eum voluptate enim amet sint.','DOC-9100'),(314,12,31,'2023-10-18 23:25:00','saepe','Aut cupiditate placeat itaque aut qui voluptatem.','DOC-1521'),(315,56,16,'2023-05-16 13:09:42','ipsum','Nulla ratione voluptas quis omnis quasi accusamus provident pariatur.','DOC-2638'),(316,51,32,'2023-06-03 10:02:29','ut','In sed quaerat voluptas facere.','DOC-4761'),(317,180,30,'2023-06-04 16:26:09','cumque','Modi magni eligendi et repellat accusantium.','DOC-7633'),(318,46,11,'2023-06-10 23:42:10','consectetur','Error qui sed est quibusdam aperiam odio et.','DOC-9043'),(319,154,35,'2024-06-07 23:03:28','modi','Modi repudiandae consectetur nisi minus aut dolore quos.','DOC-2950'),(320,25,29,'2024-03-15 16:20:35','iure','Possimus fuga incidunt iure quo eum dolor deserunt.','DOC-5752'),(321,165,38,'2025-02-17 15:55:42','autem','Quisquam placeat voluptas aut rerum quasi dolorum illum earum.','DOC-4066'),(322,86,18,'2023-10-19 20:29:31','aliquam','Saepe hic autem et ut dolorem.','DOC-0511'),(323,139,4,'2024-02-07 22:49:47','voluptatem','Sit sunt beatae ad quia minima.','DOC-1556'),(324,183,50,'2023-04-29 21:10:13','ipsum','Sequi quam facilis perspiciatis autem totam voluptatem.','DOC-9398'),(325,160,36,'2023-12-28 07:07:49','reprehenderit','In quia labore nulla et minus.','DOC-0485'),(326,155,41,'2024-07-25 04:22:26','quasi','Nostrum velit est et inventore.','DOC-2222'),(327,117,6,'2025-02-08 22:19:41','facilis','A architecto animi repudiandae.','DOC-2538'),(328,194,21,'2023-09-21 13:40:57','est','Ipsum voluptas omnis blanditiis harum dolor.','DOC-8702'),(329,199,11,'2024-12-04 18:04:07','mollitia','Labore recusandae ut libero minima dolor quos quo dolorem.','DOC-5190'),(330,8,49,'2023-06-06 10:52:58','aliquam','Ut quidem occaecati aspernatur temporibus.','DOC-9431'),(331,58,42,'2024-04-30 17:04:54','assumenda','Voluptatem velit occaecati nulla eveniet.','DOC-3622'),(332,45,14,'2024-04-06 20:12:06','omnis','Qui ut totam est amet iusto perspiciatis cum libero.','DOC-7331'),(333,47,28,'2024-03-07 21:53:23','dolorem','Consectetur iste voluptatibus aut.','DOC-6286'),(334,131,2,'2025-01-16 10:25:10','laborum','Ex ea repudiandae esse aut.','DOC-7418'),(335,178,35,'2023-08-19 01:10:19','quis','Voluptatem excepturi corporis omnis est quis qui est.','DOC-7820'),(336,59,2,'2023-03-25 04:55:44','nobis','Qui et nemo rem rerum doloribus.','DOC-7836'),(337,191,3,'2023-04-15 06:57:24','sit','Ut dolorem reiciendis qui.','DOC-0189'),(338,144,17,'2023-07-01 22:29:22','nostrum','Aspernatur sed velit ut tenetur dolorem velit tempora.','DOC-5336'),(339,10,24,'2023-11-01 18:35:12','nam','Provident facilis a itaque optio.','DOC-7852'),(340,36,4,'2024-09-17 23:36:08','neque','Nam quis eius est voluptas rerum.','DOC-7975'),(341,103,10,'2024-03-14 09:38:10','est','Corrupti at veritatis consequatur eum harum laudantium.','DOC-2173'),(342,192,39,'2024-07-21 18:09:09','in','Ducimus consequatur fuga est.','DOC-8176'),(343,103,12,'2024-04-26 14:45:51','molestiae','Neque laboriosam animi est.','DOC-2057'),(344,122,20,'2023-04-30 10:38:39','autem','Placeat libero nesciunt qui facere delectus et voluptas quam.','DOC-0731'),(345,121,47,'2024-08-29 14:22:55','ut','Qui dolore ipsa velit itaque qui minus.','DOC-4134'),(346,33,43,'2023-10-21 15:56:20','sit','Pariatur hic vel magni et.','DOC-5626'),(347,76,39,'2023-12-07 22:49:47','earum','Et et quo ut et autem molestiae voluptatibus.','DOC-6706'),(348,118,1,'2023-05-01 12:57:14','maxime','Unde labore quia qui.','DOC-5927'),(349,18,38,'2023-06-28 07:26:07','vero','Eum ab id inventore deleniti culpa.','DOC-3020'),(350,125,35,'2025-02-08 14:14:44','fuga','Quo dignissimos et hic et officia iusto.','DOC-3092'),(351,41,50,'2024-09-18 20:18:12','ut','Eaque accusamus maxime eum ad autem doloribus maiores illo.','DOC-5485'),(352,179,46,'2024-07-31 15:53:29','impedit','Quia amet qui est culpa harum quas.','DOC-8549'),(353,66,14,'2024-07-23 19:41:01','voluptates','Temporibus rem est nisi ratione libero sunt.','DOC-7163'),(354,105,42,'2024-05-10 07:53:01','voluptatem','Placeat et neque magnam totam.','DOC-2118'),(355,32,38,'2023-04-10 15:25:36','occaecati','Perferendis totam voluptatem suscipit impedit aut cum.','DOC-6417'),(356,94,29,'2024-09-16 05:11:37','eum','Expedita dolorum molestias dolores eligendi.','DOC-2609'),(357,97,44,'2024-11-03 23:12:50','architecto','Non ratione quia tenetur mollitia et a.','DOC-9044'),(358,81,7,'2023-05-10 04:47:51','nobis','Iusto iste aut autem laudantium reprehenderit quasi ad.','DOC-7714'),(359,108,10,'2024-01-26 17:38:17','rerum','Autem voluptate numquam vero quos nihil quia inventore.','DOC-3073'),(360,149,12,'2024-10-24 03:14:04','consequatur','Totam qui nulla sapiente nihil sunt nihil sequi.','DOC-0425'),(361,92,7,'2025-01-25 00:56:22','quia','Perspiciatis voluptas voluptatem debitis et architecto porro dolore.','DOC-2344'),(362,47,23,'2024-01-27 15:19:13','consequuntur','Et accusamus voluptatem quis sit perferendis eligendi odit ea.','DOC-3853'),(363,75,18,'2023-05-30 04:22:26','maxime','Velit sit tempora praesentium aut.','DOC-7170'),(364,2,10,'2024-11-23 17:16:56','maiores','Hic incidunt odio sunt provident.','DOC-6798'),(365,93,28,'2023-09-12 13:07:04','impedit','Iste et voluptatem qui alias repudiandae nobis.','DOC-4772'),(366,178,29,'2023-12-27 14:35:29','dolorem','Ea quia rerum eos numquam sequi ut.','DOC-0610'),(367,156,21,'2023-05-10 19:09:40','molestiae','Sed consequuntur est voluptate corporis.','DOC-5184'),(368,74,35,'2023-07-06 10:07:48','nam','Dolorem nostrum id pariatur ut nihil et.','DOC-0734'),(369,39,33,'2024-01-02 16:02:09','et','Qui voluptatem sunt beatae quae quia maxime sed.','DOC-3783'),(370,106,19,'2023-08-05 23:34:50','perferendis','Quia quia optio repudiandae maxime necessitatibus modi provident.','DOC-3585'),(371,92,31,'2024-08-25 19:39:15','accusamus','Necessitatibus non velit aut vitae.','DOC-3340'),(372,28,50,'2025-01-23 23:00:13','occaecati','Perspiciatis perspiciatis officia ut suscipit quo.','DOC-8707'),(373,32,5,'2024-01-12 21:49:27','sit','Deleniti autem vel eaque eos molestias quae.','DOC-7585'),(374,105,47,'2023-11-01 11:08:22','nihil','Hic rerum molestias occaecati esse incidunt molestias dolor.','DOC-1622'),(375,111,47,'2023-07-03 15:34:40','voluptatibus','Ratione quas ex repudiandae nihil.','DOC-9746'),(376,31,42,'2024-12-14 08:46:22','officiis','Aut qui reprehenderit inventore animi optio deleniti.','DOC-4347'),(377,162,20,'2025-02-02 15:02:55','nihil','Incidunt earum dolorum omnis sit mollitia eaque qui.','DOC-9091'),(378,51,32,'2024-02-08 11:46:10','nihil','Dolorum eum dolor ullam laborum nihil.','DOC-2950'),(379,42,48,'2023-07-23 14:39:35','quia','Iusto voluptas aut rem mollitia nemo.','DOC-0994'),(380,66,45,'2023-07-04 11:30:04','reiciendis','Facere ea voluptatum quia.','DOC-7539'),(381,72,13,'2024-01-06 05:29:05','enim','Soluta non rem temporibus hic totam.','DOC-1727'),(382,96,38,'2023-05-28 05:33:26','quia','Natus sed amet vel.','DOC-0718'),(383,172,16,'2024-04-11 07:36:57','velit','Voluptatum optio aut ratione praesentium minus et autem soluta.','DOC-9449'),(384,156,32,'2024-04-09 07:07:48','et','Voluptatem repellat architecto fugiat voluptatem temporibus non ipsam.','DOC-9033'),(385,78,30,'2024-04-14 21:57:48','nemo','Pariatur possimus qui aperiam distinctio quaerat qui placeat.','DOC-7770'),(386,113,17,'2023-05-09 20:24:53','molestiae','Consequatur aut neque facilis temporibus qui autem.','DOC-8988'),(387,70,15,'2024-01-04 15:14:33','magnam','Dolor id ullam ducimus rerum exercitationem ut perferendis.','DOC-5429'),(388,78,46,'2023-04-24 23:14:54','sit','Quis enim beatae enim qui pariatur dignissimos ipsam.','DOC-1663'),(389,36,29,'2023-08-31 03:27:52','nisi','Consequatur porro quasi dicta ipsam libero possimus rerum.','DOC-9010'),(390,189,21,'2023-05-23 12:32:23','est','Reprehenderit et ut et ipsam nihil itaque ut.','DOC-1546'),(391,136,13,'2025-01-09 07:19:42','commodi','Delectus quia autem saepe quis neque quas.','DOC-8560'),(392,76,21,'2023-09-28 03:57:05','totam','Deserunt blanditiis ea assumenda reiciendis ut eveniet eum.','DOC-1861'),(393,32,18,'2023-03-16 22:30:38','natus','Aut modi aspernatur velit tempore.','DOC-1879'),(394,36,32,'2025-01-07 12:26:44','nulla','Officiis aut eveniet minima.','DOC-0551'),(395,157,11,'2023-06-07 00:31:49','qui','Voluptates quidem quod explicabo tempore.','DOC-1742'),(396,129,43,'2024-06-14 07:43:48','quia','Provident quam enim qui iure velit itaque esse.','DOC-3016'),(397,182,31,'2025-01-10 17:48:15','velit','Qui veniam dignissimos vero voluptas asperiores molestias dicta nisi.','DOC-0818'),(398,76,47,'2023-12-14 06:59:22','suscipit','Voluptas minus fugit adipisci et doloribus.','DOC-2854'),(399,76,9,'2024-09-22 19:52:56','est','Unde ad temporibus quas omnis nulla.','DOC-8869'),(400,21,43,'2024-09-07 14:44:00','nihil','In corrupti iure magni modi nihil laborum fuga nostrum.','DOC-4608'),(401,116,2,'2023-06-28 03:29:21','ea','Eos eum vel vitae omnis impedit est id.','DOC-3216'),(402,130,19,'2024-01-05 18:03:09','quasi','Doloremque eius placeat quasi et.','DOC-6107'),(403,181,19,'2024-04-26 15:14:27','sunt','Voluptas harum dolores omnis harum.','DOC-6416'),(404,171,42,'2024-03-21 14:20:23','facere','Autem perferendis sed excepturi eum quia ut quidem maiores.','DOC-7073'),(405,147,19,'2024-07-02 13:43:46','alias','Possimus illum neque aut ut vel aut repellendus.','DOC-3860'),(406,45,37,'2023-03-21 17:54:08','ut','Voluptatem debitis error ut ex corporis labore.','DOC-2629'),(407,3,46,'2023-07-07 09:55:27','aut','Animi mollitia fugiat non enim.','DOC-8298'),(408,175,43,'2024-05-25 05:46:42','reprehenderit','Nobis ipsa impedit laudantium possimus quibusdam inventore.','DOC-3305'),(409,127,21,'2024-04-17 02:48:22','harum','Exercitationem ut cupiditate maxime quas provident at eum est.','DOC-0544'),(410,178,6,'2023-05-28 16:54:15','ex','Velit similique ad qui quas animi architecto et sunt.','DOC-6523'),(411,196,20,'2023-11-15 09:32:21','ducimus','Omnis tenetur voluptates qui laboriosam quia illum explicabo.','DOC-6489'),(412,188,12,'2024-12-10 21:59:33','qui','Doloremque et quidem nobis dolorum fuga.','DOC-1877'),(413,31,19,'2024-03-27 06:31:22','tenetur','Ad totam ipsum explicabo doloribus distinctio sint.','DOC-5140'),(414,96,1,'2024-11-06 05:20:47','ut','Sed quo doloribus vel odit.','DOC-8845'),(415,143,18,'2024-03-09 07:39:55','iure','Aliquid praesentium voluptas autem.','DOC-4523'),(416,61,15,'2024-12-10 06:06:19','corrupti','Qui earum sit deserunt sapiente id aut.','DOC-9702'),(417,160,10,'2023-03-22 06:47:28','nostrum','Reiciendis quidem earum numquam suscipit sed cum fugiat.','DOC-6348'),(418,163,27,'2025-01-21 16:13:32','et','Provident architecto animi et adipisci a.','DOC-7717'),(419,132,32,'2023-03-31 02:02:47','aut','Distinctio reprehenderit reiciendis nihil soluta eaque enim vitae.','DOC-8753'),(420,172,48,'2024-10-01 23:39:40','iure','Non voluptatem qui corrupti.','DOC-7915'),(421,77,29,'2024-06-14 10:05:44','consequuntur','Corporis sint aut doloremque omnis odio tempore inventore.','DOC-9148'),(422,151,23,'2023-09-05 03:28:23','numquam','Debitis sint perferendis natus excepturi odit.','DOC-5765'),(423,190,29,'2024-08-06 21:24:28','modi','Quaerat quod aut aspernatur illo placeat voluptatum magni provident.','DOC-5416'),(424,52,29,'2023-11-19 02:19:59','reprehenderit','Earum officiis est molestiae.','DOC-7947'),(425,36,20,'2024-09-15 17:06:11','qui','Voluptatem ut alias molestiae et blanditiis.','DOC-1843'),(426,74,28,'2023-07-13 22:42:23','illum','Voluptatem et fugiat distinctio enim voluptatem eos.','DOC-4370'),(427,113,43,'2023-09-18 19:21:43','id','Temporibus soluta consequatur impedit necessitatibus repudiandae.','DOC-5871'),(428,182,49,'2024-05-22 13:22:11','corporis','Temporibus deserunt ipsa nisi quis.','DOC-8042'),(429,177,50,'2023-09-08 04:21:16','asperiores','Iure voluptate quo aliquam nemo.','DOC-4394'),(430,55,23,'2023-04-12 07:28:25','est','Occaecati at soluta omnis repellat voluptate.','DOC-7821'),(431,39,16,'2024-04-23 03:15:00','cum','Sit quae eum id officiis nostrum.','DOC-9014'),(432,72,43,'2024-05-12 19:35:59','eos','Sed est aliquid voluptatem eligendi occaecati unde.','DOC-1861'),(433,117,27,'2023-07-15 05:00:27','iure','Nam molestiae porro non quod.','DOC-2051'),(434,69,38,'2025-01-19 18:35:17','vel','Nihil provident et doloribus qui tempore rem.','DOC-0247'),(435,196,13,'2023-03-27 17:09:14','quae','Ipsum minus exercitationem qui omnis sint at.','DOC-4586'),(436,47,45,'2023-11-15 08:11:19','ullam','Totam aperiam autem provident aut minus aut.','DOC-0721'),(437,19,9,'2023-08-23 21:46:12','quo','Aliquam suscipit nulla sed deserunt.','DOC-5118'),(438,149,46,'2024-05-22 13:15:22','fugiat','Nam cum consequatur harum natus est quia.','DOC-8753'),(439,89,43,'2023-04-14 10:46:19','enim','Asperiores eveniet porro eum aut.','DOC-3887'),(440,19,47,'2023-06-15 14:36:37','suscipit','Deleniti molestias qui excepturi non laudantium.','DOC-6714'),(441,171,2,'2023-12-02 01:48:04','sit','Totam eius consequatur quos.','DOC-1019'),(442,22,46,'2023-03-09 04:37:12','voluptas','Dicta eius rerum molestias natus et.','DOC-8432'),(443,101,31,'2024-08-18 11:57:55','dolores','Necessitatibus dolore totam tempora incidunt fugiat sint corrupti id.','DOC-4739'),(444,31,32,'2023-11-22 21:59:28','quam','Sint temporibus accusantium tenetur aliquam rem dolorum quos animi.','DOC-9635'),(445,190,9,'2024-01-17 21:17:05','perspiciatis','Qui esse nulla qui aut ad ex et.','DOC-6483'),(446,100,6,'2023-03-02 18:06:58','odit','Nam qui et architecto architecto.','DOC-0308'),(447,15,38,'2024-07-03 02:24:44','cupiditate','Est distinctio delectus repudiandae laboriosam aut vel.','DOC-7099'),(448,82,24,'2024-09-02 06:32:13','quibusdam','Vel aspernatur voluptatem quas maxime cum voluptates.','DOC-0491'),(449,23,6,'2023-05-23 18:00:11','a','Aut est voluptas totam possimus reiciendis deleniti reprehenderit.','DOC-3712'),(450,141,21,'2024-12-13 21:16:20','ut','Dicta est officiis vero vero natus suscipit a.','DOC-2688'),(451,158,41,'2023-09-22 00:15:08','et','Maiores assumenda quo quidem rerum officiis quas nulla.','DOC-6509'),(452,125,11,'2023-09-03 23:03:30','molestiae','Explicabo doloribus voluptatibus quod et.','DOC-3520'),(453,100,25,'2024-04-08 15:11:33','qui','Asperiores voluptatem ut magnam animi rem facere error.','DOC-4929'),(454,20,3,'2025-01-06 05:28:44','quia','Doloremque odio voluptatum in omnis nisi.','DOC-0997'),(455,191,50,'2023-08-14 07:27:42','aliquam','Dolores commodi incidunt aperiam ratione aliquid hic minus quia.','DOC-6021'),(456,100,24,'2023-04-20 01:17:39','non','Incidunt in ullam nisi aspernatur voluptate voluptatem et.','DOC-3027'),(457,109,20,'2024-08-18 18:29:13','deserunt','Adipisci aut hic voluptatem natus.','DOC-2453'),(458,84,13,'2023-06-14 16:02:44','sunt','Voluptatem et quia et dignissimos nihil possimus.','DOC-0712'),(459,100,42,'2023-11-26 16:16:08','quaerat','Molestias voluptas quis dolorem perspiciatis.','DOC-6885'),(460,110,45,'2024-01-25 03:27:26','deleniti','Nihil ipsum autem neque repellat.','DOC-7984'),(461,114,18,'2023-03-04 00:41:02','provident','Qui voluptates nobis provident animi sit molestiae voluptatem.','DOC-8640'),(462,181,48,'2024-05-22 04:24:14','adipisci','Quo laboriosam vero reiciendis saepe quisquam vero.','DOC-5234'),(463,81,32,'2023-04-25 23:45:56','ducimus','Ut laborum voluptas aut et.','DOC-7520'),(464,165,40,'2024-10-28 13:47:25','sed','Modi vero voluptatem dolores dolorem animi.','DOC-0913'),(465,55,24,'2024-03-29 18:27:22','beatae','Dolore aut sit aut eos qui rerum quos.','DOC-5770'),(466,63,23,'2024-03-30 10:37:03','aliquam','Illo repellendus nihil ut labore et qui deleniti.','DOC-6696'),(467,65,22,'2024-12-05 08:51:53','recusandae','Veniam qui quam earum modi eos aspernatur.','DOC-5263'),(468,53,18,'2025-01-08 16:51:55','rerum','Sunt repudiandae eaque tenetur aut et qui et.','DOC-0744'),(469,115,5,'2024-12-20 20:46:59','et','Ut vitae nobis dolor et.','DOC-4259'),(470,103,9,'2025-01-10 22:54:50','a','Mollitia aut nisi dolorem.','DOC-9793'),(471,41,29,'2024-09-13 16:46:04','in','Et incidunt occaecati eaque sed vitae iure eos.','DOC-6313'),(472,145,35,'2023-03-17 06:53:10','architecto','Qui ea totam possimus.','DOC-6676'),(473,29,11,'2024-05-14 10:00:03','magnam','Qui rerum saepe molestias eos sed rem et.','DOC-5288'),(474,83,13,'2024-01-15 04:55:42','corporis','Et quod officiis inventore.','DOC-7962'),(475,102,13,'2023-09-09 14:27:09','commodi','Incidunt maxime vel non necessitatibus.','DOC-2780'),(476,184,14,'2024-10-05 03:08:53','tempora','Odit nobis nisi animi et sint.','DOC-0549'),(477,6,5,'2025-02-06 06:46:51','quis','Laboriosam quia doloremque amet voluptas autem animi eveniet.','DOC-7236'),(478,159,45,'2024-08-08 05:14:01','amet','Magni magnam minus unde corrupti recusandae harum optio.','DOC-2003'),(479,129,45,'2023-10-27 14:26:37','officia','Consequatur esse ipsam consequatur facilis.','DOC-2972'),(480,114,18,'2023-07-10 09:23:48','perferendis','Occaecati consequuntur eos suscipit voluptas recusandae et.','DOC-8456'),(481,189,39,'2023-07-15 12:35:41','quasi','Voluptas quo sint perspiciatis sed.','DOC-9870'),(482,96,18,'2023-09-13 16:41:42','cumque','Non commodi in molestias quo voluptatum.','DOC-1865'),(483,79,14,'2024-12-23 16:05:32','voluptatem','Nesciunt non dolor ducimus reprehenderit vel.','DOC-8601'),(484,165,27,'2024-10-19 18:16:43','voluptatem','Qui id molestiae qui voluptate occaecati dolor.','DOC-4432'),(485,103,42,'2024-08-03 04:54:05','voluptatem','Ullam atque ut corporis est ut aut.','DOC-4161'),(486,177,30,'2023-11-09 08:39:27','maxime','Deserunt in autem consequatur.','DOC-3117'),(487,155,44,'2024-05-10 03:55:58','eligendi','Enim possimus dicta magnam occaecati deserunt rerum.','DOC-9337'),(488,175,19,'2024-03-26 15:12:39','quae','Rem ut est ab et.','DOC-9000'),(489,34,5,'2024-10-25 10:31:45','vel','Distinctio aut et voluptas dolore aut nisi voluptatibus.','DOC-8486'),(490,173,29,'2023-12-23 13:08:45','ut','Labore cumque reprehenderit expedita consequuntur et.','DOC-4061'),(491,92,20,'2024-02-16 05:33:31','tempora','Voluptatem similique minima incidunt eaque doloremque quidem sed.','DOC-1075'),(492,81,42,'2023-05-06 17:08:47','vel','Officiis architecto atque amet mollitia.','DOC-1490'),(493,193,2,'2023-11-10 01:09:26','ipsum','Iste vero nihil maxime voluptas doloremque.','DOC-5555'),(494,135,21,'2024-12-03 03:13:33','atque','Quas incidunt saepe rerum exercitationem ex saepe suscipit.','DOC-6477'),(495,30,48,'2024-02-27 13:37:12','quisquam','Enim iusto sunt expedita voluptates repellat sed dolorem quis.','DOC-3996'),(496,88,7,'2024-12-12 18:22:59','vitae','Repellat corrupti inventore voluptas voluptate ut.','DOC-3101'),(497,44,20,'2024-01-30 06:46:06','ex','Magnam ut voluptate unde autem odio accusamus.','DOC-7833'),(498,76,22,'2024-01-24 17:36:37','deleniti','Ut qui odio nihil.','DOC-8486'),(499,99,28,'2025-01-26 00:08:41','ea','Dolores sed nam quae recusandae et.','DOC-5954'),(500,164,39,'2025-01-06 10:06:58','molestiae','Maiores totam similique modi molestiae enim.','DOC-5448');
/*!40000 ALTER TABLE `transaction` ENABLE KEYS */;
UNLOCK TABLES;
/*!40103 SET TIME_ZONE=@OLD_TIME_ZONE */;

/*!40101 SET SQL_MODE=@OLD_SQL_MODE */;
/*!40014 SET FOREIGN_KEY_CHECKS=@OLD_FOREIGN_KEY_CHECKS */;
/*!40014 SET UNIQUE_CHECKS=@OLD_UNIQUE_CHECKS */;
/*!40101 SET CHARACTER_SET_CLIENT=@OLD_CHARACTER_SET_CLIENT */;
/*!40101 SET CHARACTER_SET_RESULTS=@OLD_CHARACTER_SET_RESULTS */;
/*!40101 SET COLLATION_CONNECTION=@OLD_COLLATION_CONNECTION */;
/*!40111 SET SQL_NOTES=@OLD_SQL_NOTES */;

-- Dump completed on 2025-02-26 20:47:08
